,Date,Adj Close,Volume
0,1995-02-24,2.9791669845581055,18890400
1,1995-02-27,3.0416669845581055,2052600
2,1995-02-28,2.9791669845581055,3112800
3,1995-03-01,3.0416669845581055,604200
4,1995-03-02,3.0416669845581055,244200
5,1995-03-03,3.3541669845581055,2022600
6,1995-03-06,3.4375,784200
7,1995-03-07,3.375,636000
8,1995-03-08,3.375,451200
9,1995-03-09,3.375,417600
10,1995-03-10,3.3125,155400
11,1995-03-13,3.4375,361200
12,1995-03-14,3.3541669845581055,271800
13,1995-03-15,3.3958330154418945,84600
14,1995-03-16,3.375,649800
15,1995-03-17,3.375,205200
16,1995-03-20,3.3541669845581055,461400
17,1995-03-21,3.375,187800
18,1995-03-22,3.2708330154418945,462600
19,1995-03-23,3.2916669845581055,370200
20,1995-03-24,3.3125,125400
21,1995-03-27,3.3125,165000
22,1995-03-28,3.5,486000
23,1995-03-29,3.5,1274400
24,1995-03-30,3.5625,336000
25,1995-03-31,3.4791669845581055,269400
26,1995-04-03,3.5208330154418945,44400
27,1995-04-04,3.46875,204000
28,1995-04-05,3.3958330154418945,61200
29,1995-04-06,3.3958330154418945,115800
30,1995-04-07,3.3958330154418945,93600
31,1995-04-10,3.4583330154418945,120000
32,1995-04-11,3.4583330154418945,97800
33,1995-04-12,3.3333330154418945,136200
34,1995-04-13,3.3333330154418945,28200
35,1995-04-17,3.3333330154418945,142200
36,1995-04-18,3.25,121200
37,1995-04-19,3.1666669845581055,85800
38,1995-04-20,3.1458330154418945,88200
39,1995-04-21,3.28125,627000
40,1995-04-24,3.2916669845581055,37200
41,1995-04-25,3.2916669845581055,79800
42,1995-04-26,3.3125,70200
43,1995-04-27,3.3333330154418945,101400
44,1995-04-28,3.4375,234600
45,1995-05-01,3.6041669845581055,246600
46,1995-05-02,3.5416669845581055,80400
47,1995-05-03,3.5416669845581055,3600
48,1995-05-04,3.4791669845581055,289800
49,1995-05-05,3.4791669845581055,36000
50,1995-05-08,3.3125,154800
51,1995-05-09,3.25,36600
52,1995-05-10,3.25,4200
53,1995-05-11,3.3333330154418945,19800
54,1995-05-12,3.3333330154418945,35400
55,1995-05-15,3.3958330154418945,169800
56,1995-05-16,3.625,345000
57,1995-05-17,3.5208330154418945,248400
58,1995-05-18,3.5208330154418945,70200
59,1995-05-19,3.4166669845581055,40200
60,1995-05-22,3.375,9000
61,1995-05-23,3.5,547800
62,1995-05-24,3.4166669845581055,196200
63,1995-05-25,3.5,65400
64,1995-05-26,3.5,21600
65,1995-05-30,3.4166669845581055,35400
66,1995-05-31,3.5833330154418945,252000
67,1995-06-01,3.5833330154418945,145800
68,1995-06-02,3.5208330154418945,297600
69,1995-06-05,3.7708330154418945,204000
70,1995-06-06,3.75,319800
71,1995-06-07,3.5833330154418945,208800
72,1995-06-08,3.7083330154418945,81600
73,1995-06-09,3.7083330154418945,35400
74,1995-06-12,3.7708330154418945,323400
75,1995-06-13,3.6875,324600
76,1995-06-14,3.7916669845581055,339000
77,1995-06-15,3.8541669845581055,322200
78,1995-06-16,3.875,12600
79,1995-06-19,3.8541669845581055,19200
80,1995-06-20,3.9791669845581055,240600
81,1995-06-21,4.2916669845581055,704400
82,1995-06-22,4.3958330154418945,331800
83,1995-06-23,4.3958330154418945,201000
84,1995-06-26,4.3541669845581055,49800
85,1995-06-27,4.3541669845581055,44400
86,1995-06-28,4.2708330154418945,188400
87,1995-06-29,4.2916669845581055,132600
88,1995-06-30,4.2916669845581055,228600
89,1995-07-03,4.3125,13800
90,1995-07-05,4.1666669845581055,636600
91,1995-07-06,4.2291669845581055,136800
92,1995-07-07,4.1666669845581055,30600
93,1995-07-10,4.2083330154418945,78600
94,1995-07-11,4.2916669845581055,103800
95,1995-07-12,4.3125,1800
96,1995-07-13,4.3125,12000
97,1995-07-14,4.3125,63000
98,1995-07-17,4.4166669845581055,187800
99,1995-07-18,4.5416669845581055,16800
100,1995-07-19,4.3958330154418945,112200
101,1995-07-20,4.5208330154418945,160800
102,1995-07-21,4.6666669845581055,170400
103,1995-07-24,4.625,88200
104,1995-07-25,4.5833330154418945,26400
105,1995-07-26,4.5833330154418945,144600
106,1995-07-27,4.5833330154418945,18000
107,1995-07-28,4.625,15600
108,1995-07-31,4.5833330154418945,48000
109,1995-08-01,4.4791669845581055,36600
110,1995-08-02,4.3541669845581055,33600
111,1995-08-03,4.1666669845581055,12000
112,1995-08-04,4.1666669845581055,108000
113,1995-08-07,4.1666669845581055,46200
114,1995-08-08,4.1666669845581055,24600
115,1995-08-09,4.0,19200
116,1995-08-10,3.9583330154418945,7458000
117,1995-08-11,3.9583330154418945,799200
118,1995-08-14,4.1458330154418945,1187400
119,1995-08-15,4.1666669845581055,702600
120,1995-08-16,4.0,273000
121,1995-08-17,4.25,741000
122,1995-08-18,4.1666669845581055,283200
123,1995-08-21,4.0625,181800
124,1995-08-22,3.9166669845581055,66000
125,1995-08-23,4.0625,48600
126,1995-08-24,3.9166669845581055,77400
127,1995-08-25,4.0625,187200
128,1995-08-28,4.0833330154418945,1107600
129,1995-08-29,4.0625,289800
130,1995-08-30,3.9583330154418945,13800
131,1995-08-31,4.0833330154418945,525000
132,1995-09-01,4.0625,139800
133,1995-09-05,4.1666669845581055,73800
134,1995-09-06,4.3125,831600
135,1995-09-07,4.2916669845581055,453600
136,1995-09-08,4.4583330154418945,183000
137,1995-09-11,4.4375,702000
138,1995-09-12,4.2916669845581055,201600
139,1995-09-13,4.375,133200
140,1995-09-14,4.4583330154418945,25800
141,1995-09-15,4.2916669845581055,190200
142,1995-09-18,4.2916669845581055,53400
143,1995-09-19,4.2916669845581055,268200
144,1995-09-20,4.3541669845581055,138600
145,1995-09-21,4.375,64800
146,1995-09-22,4.3541669845581055,63000
147,1995-09-25,4.2916669845581055,43800
148,1995-09-26,4.3333330154418945,144000
149,1995-09-27,4.2916669845581055,76800
150,1995-09-28,4.4583330154418945,22200
151,1995-09-29,4.4583330154418945,109800
152,1995-10-02,4.2916669845581055,3148800
153,1995-10-03,4.2083330154418945,1328400
154,1995-10-04,4.2291669845581055,219600
155,1995-10-05,4.2083330154418945,6600
156,1995-10-06,4.2083330154418945,91200
157,1995-10-09,4.2291669845581055,232800
158,1995-10-10,4.1666669845581055,346800
159,1995-10-11,4.3333330154418945,25200
160,1995-10-12,4.1666669845581055,16800
161,1995-10-13,4.2916669845581055,184200
162,1995-10-16,4.1666669845581055,90600
163,1995-10-17,4.3333330154418945,22200
164,1995-10-18,4.1875,37200
165,1995-10-19,4.3333330154418945,7200
166,1995-10-20,4.3333330154418945,55800
167,1995-10-23,4.2291669845581055,19200
168,1995-10-24,4.2083330154418945,18600
169,1995-10-25,4.375,26400
170,1995-10-26,4.2916669845581055,244800
171,1995-10-27,4.3333330154418945,8400
172,1995-10-30,4.25,15000
173,1995-10-31,4.3333330154418945,36000
174,1995-11-01,4.4583330154418945,75000
175,1995-11-02,4.9791669845581055,297600
176,1995-11-03,4.6666669845581055,171600
177,1995-11-06,4.4166669845581055,302400
178,1995-11-07,4.5416669845581055,236400
179,1995-11-08,4.5208330154418945,1174800
180,1995-11-09,4.5833330154418945,364200
181,1995-11-10,4.5,20400
182,1995-11-13,4.5,268800
183,1995-11-14,4.375,313200
184,1995-11-15,4.5,21600
185,1995-11-16,4.4166669845581055,28200
186,1995-11-17,4.375,43200
187,1995-11-20,4.5,28200
188,1995-11-21,4.5,21000
189,1995-11-22,4.4791669845581055,96600
190,1995-11-24,4.4166669845581055,9000
191,1995-11-27,4.4166669845581055,23400
192,1995-11-28,4.4791669845581055,11400
193,1995-11-29,4.5,85200
194,1995-11-30,4.5416669845581055,46800
195,1995-12-01,4.7083330154418945,210000
196,1995-12-04,4.875,112200
197,1995-12-05,5.0416669845581055,472800
198,1995-12-06,5.1666669845581055,255000
199,1995-12-07,5.125,586200
200,1995-12-08,5.2083330154418945,61200
201,1995-12-11,5.25,54600
202,1995-12-12,5.1458330154418945,178800
203,1995-12-13,5.1666669845581055,44400
204,1995-12-14,5.0833330154418945,40800
205,1995-12-15,5.3333330154418945,78600
206,1995-12-18,4.9791669845581055,433200
207,1995-12-19,4.9583330154418945,25200
208,1995-12-20,5.0625,140400
209,1995-12-21,4.9583330154418945,3000
210,1995-12-22,4.9583330154418945,12600
211,1995-12-26,4.9583330154418945,4200
212,1995-12-27,5.375,174000
213,1995-12-28,5.4583330154418945,81000
214,1995-12-29,5.625,501600
215,1996-01-02,5.4583330154418945,29400
216,1996-01-03,5.9166669845581055,177600
217,1996-01-04,6.0,555000
218,1996-01-05,6.0416669845581055,534000
219,1996-01-08,6.0833330154418945,3000
220,1996-01-09,5.9583330154418945,32400
221,1996-01-10,5.875,349800
222,1996-01-11,6.0,519600
223,1996-01-12,6.0833330154418945,13200
224,1996-01-15,5.9166669845581055,9600
225,1996-01-16,5.9583330154418945,55200
226,1996-01-17,5.8333330154418945,280800
227,1996-01-18,5.9166669845581055,379200
228,1996-01-19,5.8125,202800
229,1996-01-22,5.7083330154418945,21600
230,1996-01-23,5.875,471600
231,1996-01-24,5.8333330154418945,448200
232,1996-01-25,5.8333330154418945,148800
233,1996-01-26,5.9791669845581055,931200
234,1996-01-29,6.0208330154418945,981000
235,1996-01-30,5.9166669845581055,194400
236,1996-01-31,5.7708330154418945,354000
237,1996-02-01,5.8541669845581055,719400
238,1996-02-02,5.75,273600
239,1996-02-05,5.7916669845581055,175200
240,1996-02-06,5.9583330154418945,741600
241,1996-02-07,5.9375,505200
242,1996-02-08,5.9583330154418945,1018200
243,1996-02-09,6.0416669845581055,2910000
244,1996-02-12,5.875,297000
245,1996-02-13,6.0,261600
246,1996-02-14,6.0416669845581055,51000
247,1996-02-15,6.0,125400
248,1996-02-16,5.875,21600
249,1996-02-20,5.8125,341400
250,1996-02-21,5.8333330154418945,106200
251,1996-02-22,5.5416669845581055,688800
252,1996-02-23,5.5416669845581055,1056600
253,1996-02-26,5.4583330154418945,145800
254,1996-02-27,5.625,600000
255,1996-02-28,5.8333330154418945,742200
256,1996-02-29,5.875,601200
257,1996-03-01,5.875,63600
258,1996-03-04,5.75,315000
259,1996-03-05,5.875,252000
260,1996-03-06,5.875,16200
261,1996-03-07,5.8333330154418945,261600
262,1996-03-08,5.7083330154418945,40200
263,1996-03-11,5.9166669845581055,655800
264,1996-03-12,5.9166669845581055,814200
265,1996-03-13,6.2083330154418945,223800
266,1996-03-14,6.125,144600
267,1996-03-15,5.9583330154418945,62400
268,1996-03-18,6.0,90000
269,1996-03-19,5.7916669845581055,235800
270,1996-03-20,5.8333330154418945,38400
271,1996-03-21,6.7083330154418945,2539200
272,1996-03-22,6.6666669845581055,530400
273,1996-03-25,6.7083330154418945,159000
274,1996-03-26,6.6666669845581055,134400
275,1996-03-27,6.5416669845581055,23400
276,1996-03-28,6.7083330154418945,29400
277,1996-03-29,6.7916669845581055,27000
278,1996-04-01,6.75,15600
279,1996-04-02,7.3333330154418945,302400
280,1996-04-03,7.6666669845581055,757800
281,1996-04-04,7.9583330154418945,267600
282,1996-04-08,8.020833015441895,648000
283,1996-04-09,9.229166984558105,881400
284,1996-04-10,8.416666984558105,2241600
285,1996-04-11,8.833333015441895,744600
286,1996-04-12,9.1875,600600
287,1996-04-15,8.927083015441895,538800
288,1996-04-16,8.958333015441895,489600
289,1996-04-17,8.729166984558105,121800
290,1996-04-18,8.666666984558105,382200
291,1996-04-19,8.791666984558105,213000
292,1996-04-22,9.1875,1194000
293,1996-04-23,9.25,286800
294,1996-04-24,9.25,370200
295,1996-04-25,9.5,735600
296,1996-04-26,9.5,1072200
297,1996-04-29,9.083333015441895,478200
298,1996-04-30,8.916666984558105,546600
299,1996-05-01,8.5,470400
300,1996-05-02,8.333333015441895,94800
301,1996-05-03,8.333333015441895,86400
302,1996-05-06,8.166666984558105,532800
303,1996-05-07,8.083333015441895,751800
304,1996-05-08,7.9583330154418945,312600
305,1996-05-09,8.125,230400
306,1996-05-10,8.041666984558105,104400
307,1996-05-13,8.375,1064400
308,1996-05-14,8.75,1690800
309,1996-05-15,8.916666984558105,1212000
310,1996-05-16,9.4375,1080000
311,1996-05-17,9.5,228000
312,1996-05-20,9.583333015441895,115800
313,1996-05-21,9.416666984558105,268800
314,1996-05-22,9.3125,306600
315,1996-05-23,9.25,261600
316,1996-05-24,9.270833015441895,356400
317,1996-05-28,9.291666984558105,148800
318,1996-05-29,9.291666984558105,218400
319,1996-05-30,9.25,31200
320,1996-05-31,9.375,96000
321,1996-06-03,9.270833015441895,146400
322,1996-06-04,9.416666984558105,214200
323,1996-06-05,9.5,388200
324,1996-06-06,9.583333015441895,561000
325,1996-06-07,9.5625,1330200
326,1996-06-10,9.333333015441895,2283000
327,1996-06-11,9.479166984558105,418800
328,1996-06-12,10.083333015441895,979800
329,1996-06-13,10.416666984558105,2172600
330,1996-06-14,10.229166984558105,468600
331,1996-06-17,10.3125,730800
332,1996-06-18,10.208333015441895,766200
333,1996-06-19,10.125,1172400
334,1996-06-20,9.520833015441895,703800
335,1996-06-21,9.458333015441895,588600
336,1996-06-24,9.708333015441895,813000
337,1996-06-25,10.25,613800
338,1996-06-26,10.25,850200
339,1996-06-27,10.458333015441895,186000
340,1996-06-28,11.166666984558105,2221800
341,1996-07-01,11.791666984558105,975600
342,1996-07-02,12.666666984558105,528600
343,1996-07-03,12.708333015441895,325200
344,1996-07-05,12.208333015441895,110100
345,1996-07-08,12.333333015441895,110100
346,1996-07-09,12.583333015441895,270000
347,1996-07-10,12.1875,330600
348,1996-07-11,10.583333015441895,1062600
349,1996-07-12,9.833333015441895,402600
350,1996-07-15,9.25,337500
351,1996-07-16,9.0,303300
352,1996-07-17,9.083333015441895,398700
353,1996-07-18,10.416666984558105,473400
354,1996-07-19,10.583333015441895,48600
355,1996-07-22,10.666666984558105,72300
356,1996-07-23,10.0,554400
357,1996-07-24,10.083333015441895,498900
358,1996-07-25,10.75,203700
359,1996-07-26,10.5,178200
360,1996-07-29,10.291666984558105,71400
361,1996-07-30,10.333333015441895,66600
362,1996-07-31,10.5,87600
363,1996-08-01,10.333333015441895,265800
364,1996-08-02,10.375,286500
365,1996-08-05,10.0,110700
366,1996-08-06,9.958333015441895,133800
367,1996-08-07,10.166666984558105,93000
368,1996-08-08,9.875,143700
369,1996-08-09,10.0,60600
370,1996-08-12,9.729166984558105,224100
371,1996-08-13,9.5,68400
372,1996-08-14,9.791666984558105,584700
373,1996-08-15,9.666666984558105,441000
374,1996-08-16,9.583333015441895,144000
375,1996-08-19,9.5,47700
376,1996-08-20,10.0,6600
377,1996-08-21,9.666666984558105,181800
378,1996-08-22,9.791666984558105,729000
379,1996-08-23,9.666666984558105,301800
380,1996-08-26,10.0,12900
381,1996-08-27,10.166666984558105,128400
382,1996-08-28,10.416666984558105,455400
383,1996-08-29,10.229166984558105,429600
384,1996-08-30,10.166666984558105,110100
385,1996-09-03,10.0,423600
386,1996-09-04,10.333333015441895,257700
387,1996-09-05,10.083333015441895,245400
388,1996-09-06,10.166666984558105,604500
389,1996-09-09,10.291666984558105,83400
390,1996-09-10,10.083333015441895,42600
391,1996-09-11,10.083333015441895,43500
392,1996-09-12,10.25,294300
393,1996-09-13,10.083333015441895,330000
394,1996-09-16,10.291666984558105,541200
395,1996-09-17,10.333333015441895,262500
396,1996-09-18,10.5,550500
397,1996-09-19,10.541666984558105,336000
398,1996-09-20,11.833333015441895,627600
399,1996-09-23,12.75,387300
400,1996-09-24,14.083333015441895,588000
401,1996-09-25,14.416666984558105,818100
402,1996-09-26,14.75,318000
403,1996-09-27,14.958333015441895,342900
404,1996-09-30,14.083333015441895,263100
405,1996-10-01,14.083333015441895,361800
406,1996-10-02,14.333333015441895,150600
407,1996-10-03,14.166666984558105,52500
408,1996-10-04,14.083333015441895,91800
409,1996-10-07,13.833333015441895,241500
410,1996-10-08,14.0625,91800
411,1996-10-09,13.770833015441895,191100
412,1996-10-10,13.5,8100
413,1996-10-11,13.791666984558105,363600
414,1996-10-14,13.708333015441895,336300
415,1996-10-15,13.666666984558105,203100
416,1996-10-16,13.833333015441895,306600
417,1996-10-17,14.125,182100
418,1996-10-18,15.083333015441895,103800
419,1996-10-21,14.333333015441895,66000
420,1996-10-22,13.75,230100
421,1996-10-23,13.833333015441895,605100
422,1996-10-24,14.0,102600
423,1996-10-25,13.625,213600
424,1996-10-28,13.041666984558105,781800
425,1996-10-29,12.5,194700
426,1996-10-30,13.166666984558105,202200
427,1996-10-31,13.833333015441895,452100
428,1996-11-01,13.041666984558105,1434000
429,1996-11-04,12.416666984558105,90300
430,1996-11-05,12.666666984558105,11400
431,1996-11-06,12.208333015441895,942000
432,1996-11-07,11.916666984558105,1078500
433,1996-11-08,11.666666984558105,455100
434,1996-11-11,11.416666984558105,328200
435,1996-11-12,11.5,1243800
436,1996-11-13,12.083333015441895,103800
437,1996-11-14,12.5,186000
438,1996-11-15,11.708333015441895,422700
439,1996-11-18,12.666666984558105,461400
440,1996-11-19,12.708333015441895,57000
441,1996-11-20,12.375,215700
442,1996-11-21,12.5,18900
443,1996-11-22,12.416666984558105,167700
444,1996-11-25,12.583333015441895,184500
445,1996-11-26,12.75,71100
446,1996-11-27,12.291666984558105,186900
447,1996-11-29,12.083333015441895,19200
448,1996-12-02,12.416666984558105,36900
449,1996-12-03,12.333333015441895,217800
450,1996-12-04,12.291666984558105,394200
451,1996-12-05,12.25,93000
452,1996-12-06,12.0,396000
453,1996-12-09,12.0,86100
454,1996-12-10,11.833333015441895,680700
455,1996-12-11,11.5,100800
456,1996-12-12,11.416666984558105,28800
457,1996-12-13,11.125,219300
458,1996-12-16,10.833333015441895,256200
459,1996-12-17,10.916666984558105,141900
460,1996-12-18,11.5,643200
461,1996-12-19,11.25,533400
462,1996-12-20,11.25,279300
463,1996-12-23,11.125,77700
464,1996-12-24,11.125,49500
465,1996-12-26,10.833333015441895,9600
466,1996-12-27,11.083333015441895,100800
467,1996-12-30,11.0,77700
468,1996-12-31,11.083333015441895,76500
469,1997-01-02,11.333333015441895,465900
470,1997-01-03,11.5,296100
471,1997-01-06,11.416666984558105,277200
472,1997-01-07,11.416666984558105,48600
473,1997-01-08,11.5,53100
474,1997-01-09,10.75,1348200
475,1997-01-10,10.75,128700
476,1997-01-13,10.791666984558105,142200
477,1997-01-14,11.083333015441895,506400
478,1997-01-15,11.0,52800
479,1997-01-16,11.125,84000
480,1997-01-17,10.833333015441895,60000
481,1997-01-20,11.041666984558105,49200
482,1997-01-21,10.958333015441895,204300
483,1997-01-22,11.25,150000
484,1997-01-23,11.25,125400
485,1997-01-24,10.958333015441895,238200
486,1997-01-27,10.75,114600
487,1997-01-28,10.625,207000
488,1997-01-29,8.875,833700
489,1997-01-30,8.854166984558105,3799800
490,1997-01-31,8.875,1152900
491,1997-02-03,8.625,480900
492,1997-02-04,9.166666984558105,672900
493,1997-02-05,9.666666984558105,1064400
494,1997-02-06,9.5,306000
495,1997-02-07,9.5,377700
496,1997-02-10,9.583333015441895,968700
497,1997-02-11,9.333333015441895,641700
498,1997-02-12,9.833333015441895,1110300
499,1997-02-13,9.583333015441895,227700
500,1997-02-14,9.625,137700
501,1997-02-18,9.5,461700
502,1997-02-19,9.5,159600
503,1997-02-20,9.583333015441895,149400
504,1997-02-21,9.333333015441895,77700
505,1997-02-24,9.083333015441895,464700
506,1997-02-25,9.0,363000
507,1997-02-26,9.0,270000
508,1997-02-27,8.875,313800
509,1997-02-28,8.666666984558105,385800
510,1997-03-03,8.354166984558105,472200
511,1997-03-04,8.333333015441895,349500
512,1997-03-05,8.125,181500
513,1997-03-06,8.25,59700
514,1997-03-07,9.0,789000
515,1997-03-10,9.208333015441895,343800
516,1997-03-11,9.25,383100
517,1997-03-12,8.75,1049400
518,1997-03-13,8.666666984558105,290700
519,1997-03-14,8.625,589200
520,1997-03-17,8.666666984558105,358800
521,1997-03-18,8.666666984558105,24300
522,1997-03-19,8.458333015441895,358200
523,1997-03-20,8.416666984558105,453600
524,1997-03-21,8.583333015441895,387000
525,1997-03-24,8.75,255900
526,1997-03-25,8.916666984558105,48900
527,1997-03-26,9.0,252000
528,1997-03-27,9.041666984558105,274800
529,1997-03-31,9.166666984558105,90900
530,1997-04-01,8.958333015441895,681000
531,1997-04-02,8.25,746400
532,1997-04-03,7.75,502800
533,1997-04-04,8.791666984558105,783600
534,1997-04-07,9.041666984558105,637200
535,1997-04-08,9.0,423300
536,1997-04-09,9.166666984558105,302400
537,1997-04-10,9.458333015441895,492900
538,1997-04-11,9.208333015441895,541500
539,1997-04-14,9.208333015441895,150000
540,1997-04-15,9.75,434700
541,1997-04-16,9.583333015441895,194100
542,1997-04-17,9.791666984558105,440100
543,1997-04-18,9.75,360600
544,1997-04-21,9.916666984558105,654000
545,1997-04-22,10.0,176400
546,1997-04-23,10.0,346800
547,1997-04-24,10.125,458100
548,1997-04-25,9.916666984558105,283500
549,1997-04-28,10.041666984558105,32400
550,1997-04-29,10.083333015441895,443700
551,1997-04-30,10.0,924600
552,1997-05-01,9.833333015441895,96300
553,1997-05-02,9.708333015441895,944400
554,1997-05-05,10.5,950400
555,1997-05-06,10.916666984558105,585900
556,1997-05-07,10.666666984558105,485700
557,1997-05-08,10.25,161400
558,1997-05-09,10.041666984558105,438900
559,1997-05-12,10.083333015441895,213900
560,1997-05-13,10.6875,586800
561,1997-05-14,11.333333015441895,689700
562,1997-05-15,11.916666984558105,986400
563,1997-05-16,12.333333015441895,1120800
564,1997-05-19,12.25,235500
565,1997-05-20,12.916666984558105,961200
566,1997-05-21,13.125,623700
567,1997-05-22,13.166666984558105,525600
568,1997-05-23,12.916666984558105,459900
569,1997-05-27,13.041666984558105,265500
570,1997-05-28,13.666666984558105,258900
571,1997-05-29,13.666666984558105,467700
572,1997-05-30,14.0,408600
573,1997-06-02,14.333333015441895,332700
574,1997-06-03,14.041666984558105,423300
575,1997-06-04,13.583333015441895,139500
576,1997-06-05,13.083333015441895,192000
577,1997-06-06,12.916666984558105,174000
578,1997-06-09,13.1875,323100
579,1997-06-10,13.75,369600
580,1997-06-11,13.25,288300
581,1997-06-12,13.333333015441895,95400
582,1997-06-13,13.416666984558105,214500
583,1997-06-16,13.083333015441895,231900
584,1997-06-17,12.833333015441895,350100
585,1997-06-18,12.916666984558105,591600
586,1997-06-19,13.125,953100
587,1997-06-20,13.333333015441895,280800
588,1997-06-23,13.083333015441895,736500
589,1997-06-24,12.75,127200
590,1997-06-25,12.125,426000
591,1997-06-26,11.666666984558105,401700
592,1997-06-27,11.625,965100
593,1997-06-30,11.5,374400
594,1997-07-01,11.666666984558105,367500
595,1997-07-02,11.708333015441895,392400
596,1997-07-03,11.708333015441895,112500
597,1997-07-07,11.729166984558105,265500
598,1997-07-08,11.458333015441895,288600
599,1997-07-09,11.333333015441895,333900
600,1997-07-10,10.833333015441895,1591500
601,1997-07-11,11.104166984558105,1250100
602,1997-07-14,11.875,1567500
603,1997-07-15,12.791666984558105,2334000
604,1997-07-16,12.833333015441895,1114200
605,1997-07-17,12.666666984558105,811800
606,1997-07-18,12.25,392700
607,1997-07-21,11.875,592200
608,1997-07-22,12.145833015441895,263700
609,1997-07-23,12.083333015441895,228300
610,1997-07-24,12.020833015441895,206100
611,1997-07-25,12.416666984558105,1162500
612,1997-07-28,12.583333015441895,1232700
613,1997-07-29,12.541666984558105,416100
614,1997-07-30,12.5,1575900
615,1997-07-31,12.333333015441895,334200
616,1997-08-01,12.25,448200
617,1997-08-04,11.875,2047500
618,1997-08-05,12.083333015441895,1586400
619,1997-08-06,12.229166984558105,983700
620,1997-08-07,12.416666984558105,346200
621,1997-08-08,11.979166984558105,263700
622,1997-08-11,11.958333015441895,329700
623,1997-08-12,12.0,606600
624,1997-08-13,11.895833015441895,658800
625,1997-08-14,11.583333015441895,306900
626,1997-08-15,11.0,509100
627,1997-08-18,10.833333015441895,181500
628,1997-08-19,10.916666984558105,1379400
629,1997-08-20,11.166666984558105,1420500
630,1997-08-21,11.270833015441895,1554300
631,1997-08-22,11.416666984558105,921000
632,1997-08-25,11.666666984558105,1415100
633,1997-08-26,11.708333015441895,452700
634,1997-08-27,11.75,361500
635,1997-08-28,11.541666984558105,193200
636,1997-08-29,11.541666984558105,206400
637,1997-09-02,11.666666984558105,291000
638,1997-09-03,11.833333015441895,875700
639,1997-09-04,12.208333015441895,309600
640,1997-09-05,12.333333015441895,387600
641,1997-09-08,12.541666984558105,446400
642,1997-09-09,12.666666984558105,379800
643,1997-09-10,12.166666984558105,300600
644,1997-09-11,12.291666984558105,228000
645,1997-09-12,12.666666984558105,617400
646,1997-09-15,12.604166984558105,932100
647,1997-09-16,12.5,422400
648,1997-09-17,12.104166984558105,524400
649,1997-09-18,12.166666984558105,314400
650,1997-09-19,12.333333015441895,315000
651,1997-09-22,12.666666984558105,592500
652,1997-09-23,12.791666984558105,705600
653,1997-09-24,12.895833015441895,539700
654,1997-09-25,12.833333015441895,435000
655,1997-09-26,13.041666984558105,317400
656,1997-09-29,13.083333015441895,293400
657,1997-09-30,13.541666984558105,1315800
658,1997-10-01,14.041666984558105,939900
659,1997-10-02,14.270833015441895,447600
660,1997-10-03,14.166666984558105,427500
661,1997-10-06,14.416666984558105,394200
662,1997-10-07,14.5,242100
663,1997-10-08,14.375,226200
664,1997-10-09,14.333333015441895,403800
665,1997-10-10,14.020833015441895,418800
666,1997-10-13,14.416666984558105,461700
667,1997-10-14,14.375,289200
668,1997-10-15,14.625,564000
669,1997-10-16,14.395833015441895,90000
670,1997-10-17,14.333333015441895,618300
671,1997-10-20,14.666666984558105,471900
672,1997-10-21,14.75,814800
673,1997-10-22,14.833333015441895,285300
674,1997-10-23,14.5625,279900
675,1997-10-24,14.645833015441895,368700
676,1997-10-27,13.875,663900
677,1997-10-28,13.479166984558105,3135000
678,1997-10-29,13.770833015441895,1898100
679,1997-10-30,13.6875,645000
680,1997-10-31,13.041666984558105,1758300
681,1997-11-03,13.0,1086000
682,1997-11-04,13.333333015441895,1146300
683,1997-11-05,13.0,526500
684,1997-11-06,12.958333015441895,427500
685,1997-11-07,13.0,219000
686,1997-11-10,13.0,270000
687,1997-11-11,13.125,117300
688,1997-11-12,12.958333015441895,446100
689,1997-11-13,13.114583015441895,422700
690,1997-11-14,13.125,430200
691,1997-11-17,13.020833015441895,786000
692,1997-11-18,13.145833015441895,678900
693,1997-11-19,13.125,207300
694,1997-11-20,13.208333015441895,643500
695,1997-11-21,13.291666984558105,748800
696,1997-11-24,13.041666984558105,599100
697,1997-11-25,13.1875,473700
698,1997-11-26,12.958333015441895,153300
699,1997-11-28,12.927083015441895,44400
700,1997-12-01,13.041666984558105,499800
701,1997-12-02,12.895833015441895,416100
702,1997-12-03,12.895833015441895,74700
703,1997-12-04,13.208333015441895,618900
704,1997-12-05,13.291666984558105,299400
705,1997-12-08,13.166666984558105,336600
706,1997-12-09,12.958333015441895,319800
707,1997-12-10,12.958333015441895,107400
708,1997-12-11,12.541666984558105,719400
709,1997-12-12,12.375,753300
710,1997-12-15,12.208333015441895,599100
711,1997-12-16,12.416666984558105,659100
712,1997-12-17,12.333333015441895,1406700
713,1997-12-18,12.395833015441895,360600
714,1997-12-19,12.625,541800
715,1997-12-22,12.8125,497700
716,1997-12-23,12.833333015441895,189600
717,1997-12-24,12.625,189000
718,1997-12-26,12.583333015441895,36900
719,1997-12-29,12.833333015441895,99300
720,1997-12-30,12.791666984558105,813900
721,1997-12-31,12.666666984558105,273300
722,1998-01-02,12.3125,464100
723,1998-01-05,12.541666984558105,331500
724,1998-01-06,12.291666984558105,148200
725,1998-01-07,11.958333015441895,600600
726,1998-01-08,11.958333015441895,276000
727,1998-01-09,11.8125,135300
728,1998-01-12,11.541666984558105,303000
729,1998-01-13,12.322916984558105,668400
730,1998-01-14,12.083333015441895,118800
731,1998-01-15,12.229166984558105,332100
732,1998-01-16,12.375,298200
733,1998-01-20,12.541666984558105,516600
734,1998-01-21,12.583333015441895,526200
735,1998-01-22,12.916666984558105,981000
736,1998-01-23,12.979166984558105,314700
737,1998-01-26,13.166666984558105,559200
738,1998-01-27,13.28125,376500
739,1998-01-28,13.375,774000
740,1998-01-29,13.395833015441895,926100
741,1998-01-30,13.5,305100
742,1998-02-02,13.833333015441895,1056900
743,1998-02-03,13.791666984558105,793800
744,1998-02-04,13.875,492600
745,1998-02-05,13.979166984558105,174600
746,1998-02-06,13.708333015441895,353700
747,1998-02-09,13.75,301200
748,1998-02-10,14.041666984558105,432600
749,1998-02-11,14.208333015441895,698700
750,1998-02-12,14.0,775800
751,1998-02-13,14.083333015441895,747300
752,1998-02-17,14.208333015441895,534000
753,1998-02-18,13.979166984558105,410400
754,1998-02-19,13.979166984558105,285300
755,1998-02-20,14.083333015441895,492600
756,1998-02-23,14.25,518700
757,1998-02-24,14.208333015441895,225300
758,1998-02-25,14.104166984558105,101100
759,1998-02-26,14.25,154800
760,1998-02-27,14.5,447000
761,1998-03-02,14.333333015441895,186900
762,1998-03-03,14.208333015441895,408300
763,1998-03-04,13.895833015441895,256500
764,1998-03-05,14.0,287100
765,1998-03-06,13.770833015441895,406500
766,1998-03-09,13.729166984558105,395400
767,1998-03-10,13.78125,130500
768,1998-03-11,14.0,520200
769,1998-03-12,13.25,689700
770,1998-03-13,13.541666984558105,741600
771,1998-03-16,13.854166984558105,1053600
772,1998-03-17,13.604166984558105,1146000
773,1998-03-18,13.46875,680100
774,1998-03-19,13.375,210600
775,1998-03-20,13.3125,395100
776,1998-03-23,12.958333015441895,347400
777,1998-03-24,12.770833015441895,435000
778,1998-03-25,12.75,496500
779,1998-03-26,12.958333015441895,967200
780,1998-03-27,12.916666984558105,692400
781,1998-03-30,13.041666984558105,648000
782,1998-03-31,12.958333015441895,942600
783,1998-04-01,12.958333015441895,261000
784,1998-04-02,12.875,99900
785,1998-04-03,13.229166984558105,2583300
786,1998-04-06,13.197916984558105,464100
787,1998-04-07,13.125,492900
788,1998-04-08,13.291666984558105,1151700
789,1998-04-09,13.333333015441895,602100
790,1998-04-13,13.541666984558105,594600
791,1998-04-14,12.666666984558105,1035900
792,1998-04-15,12.510416984558105,689100
793,1998-04-16,12.958333015441895,1559700
794,1998-04-17,12.916666984558105,176700
795,1998-04-20,13.0,380100
796,1998-04-21,13.166666984558105,890700
797,1998-04-22,13.25,750900
798,1998-04-23,13.229166984558105,411600
799,1998-04-24,13.354166984558105,522000
800,1998-04-27,13.333333015441895,364200
801,1998-04-28,14.333333015441895,818700
802,1998-04-29,14.104166984558105,434100
803,1998-04-30,14.0,120600
804,1998-05-01,13.583333015441895,175800
805,1998-05-04,13.583333015441895,99300
806,1998-05-05,13.5,258300
807,1998-05-06,13.4375,872100
808,1998-05-07,13.625,54600
809,1998-05-08,13.666666984558105,252000
810,1998-05-11,13.479166984558105,267900
811,1998-05-12,14.125,486600
812,1998-05-13,13.333333015441895,411300
813,1998-05-14,13.416666984558105,477600
814,1998-05-15,13.333333015441895,279900
815,1998-05-18,13.0,466800
816,1998-05-19,13.34375,46800
817,1998-05-20,13.041666984558105,171600
818,1998-05-21,13.25,437100
819,1998-05-22,13.041666984558105,372900
820,1998-05-26,13.083333015441895,311400
821,1998-05-27,12.833333015441895,342600
822,1998-05-28,12.916666984558105,191100
823,1998-05-29,13.5,145500
824,1998-06-01,13.75,260100
825,1998-06-02,13.354166984558105,426600
826,1998-06-03,13.041666984558105,228600
827,1998-06-04,12.875,231600
828,1998-06-05,12.833333015441895,783300
829,1998-06-08,12.791666984558105,812100
830,1998-06-09,13.0,791700
831,1998-06-10,12.708333015441895,136800
832,1998-06-11,12.895833015441895,144900
833,1998-06-12,12.375,165000
834,1998-06-15,12.458333015441895,217200
835,1998-06-16,12.541666984558105,289200
836,1998-06-17,13.270833015441895,225000
837,1998-06-18,12.9375,273300
838,1998-06-19,12.458333015441895,387900
839,1998-06-22,12.875,305100
840,1998-06-23,13.1875,414900
841,1998-06-24,13.583333015441895,613500
842,1998-06-25,13.208333015441895,339300
843,1998-06-26,13.25,167700
844,1998-06-29,13.125,455100
845,1998-06-30,12.833333015441895,513300
846,1998-07-01,12.729166984558105,474000
847,1998-07-02,12.5,524100
848,1998-07-06,12.5,699600
849,1998-07-07,12.625,478800
850,1998-07-08,12.291666984558105,198000
851,1998-07-09,12.4375,264000
852,1998-07-10,12.583333015441895,584400
853,1998-07-13,12.333333015441895,612900
854,1998-07-14,12.375,370200
855,1998-07-15,12.083333015441895,1233600
856,1998-07-16,11.604166984558105,1279800
857,1998-07-17,11.583333015441895,3963600
858,1998-07-20,11.541666984558105,943800
859,1998-07-21,11.25,2685900
860,1998-07-22,12.25,1988100
861,1998-07-23,11.875,544200
862,1998-07-24,12.75,2047800
863,1998-07-27,13.291666984558105,1383000
864,1998-07-28,13.1875,448800
865,1998-07-29,13.0,900000
866,1998-07-30,12.791666984558105,310200
867,1998-07-31,12.875,272700
868,1998-08-03,12.520833015441895,1291500
869,1998-08-04,12.5,298200
870,1998-08-05,12.583333015441895,570000
871,1998-08-06,12.645833015441895,439800
872,1998-08-07,12.729166984558105,350100
873,1998-08-10,12.5625,545700
874,1998-08-11,12.333333015441895,273000
875,1998-08-12,12.645833015441895,789900
876,1998-08-13,12.5625,320400
877,1998-08-14,12.354166984558105,137100
878,1998-08-17,12.625,258900
879,1998-08-18,12.791666984558105,337800
880,1998-08-19,12.416666984558105,980400
881,1998-08-20,12.291666984558105,292200
882,1998-08-21,12.229166984558105,525300
883,1998-08-24,12.104166984558105,370800
884,1998-08-25,12.041666984558105,386400
885,1998-08-26,11.875,442200
886,1998-08-27,11.479166984558105,401700
887,1998-08-28,11.270833015441895,710700
888,1998-08-31,11.041666984558105,471000
889,1998-09-01,11.333333015441895,821400
890,1998-09-02,10.958333015441895,523800
891,1998-09-03,10.916666984558105,1047000
892,1998-09-04,10.958333015441895,155100
893,1998-09-08,11.166666984558105,829500
894,1998-09-09,11.3125,373200
895,1998-09-10,11.3125,196800
896,1998-09-11,11.5,409800
897,1998-09-14,11.791666984558105,551700
898,1998-09-15,11.916666984558105,809700
899,1998-09-16,11.9375,524700
900,1998-09-17,11.729166984558105,278100
901,1998-09-18,11.791666984558105,439800
902,1998-09-21,11.791666984558105,585000
903,1998-09-22,12.166666984558105,1119300
904,1998-09-23,12.0,1375200
905,1998-09-24,11.833333015441895,312000
906,1998-09-25,12.041666984558105,824400
907,1998-09-28,12.0,381600
908,1998-09-29,11.5625,549300
909,1998-09-30,11.833333015441895,469200
910,1998-10-01,11.625,483300
911,1998-10-02,11.5,179700
912,1998-10-05,10.833333015441895,798900
913,1998-10-06,9.208333015441895,3549600
914,1998-10-07,9.166666984558105,1167000
915,1998-10-08,10.0,434100
916,1998-10-09,11.229166984558105,628800
917,1998-10-12,11.0,692100
918,1998-10-13,10.375,854100
919,1998-10-14,10.5,392100
920,1998-10-15,10.666666984558105,1011900
921,1998-10-16,11.208333015441895,364500
922,1998-10-19,11.604166984558105,870900
923,1998-10-20,11.625,952500
924,1998-10-21,11.666666984558105,672300
925,1998-10-22,11.6875,749100
926,1998-10-23,11.708333015441895,252600
927,1998-10-26,11.895833015441895,839700
928,1998-10-27,11.708333015441895,391200
929,1998-10-28,11.604166984558105,87000
930,1998-10-29,11.75,412800
931,1998-10-30,12.03125,6257100
932,1998-11-02,12.25,1356000
933,1998-11-03,12.0,941400
934,1998-11-04,12.166666984558105,2046300
935,1998-11-05,12.333333015441895,1052700
936,1998-11-06,12.666666984558105,1332300
937,1998-11-09,12.5,1329600
938,1998-11-10,12.333333015441895,263100
939,1998-11-11,12.125,760500
940,1998-11-12,12.666666984558105,739800
941,1998-11-13,12.25,391500
942,1998-11-16,12.5,361200
943,1998-11-17,12.375,329100
944,1998-11-18,12.375,291000
945,1998-11-19,12.645833015441895,554700
946,1998-11-20,12.75,536100
947,1998-11-23,12.875,488400
948,1998-11-24,13.041666984558105,524100
949,1998-11-25,13.166666984558105,227700
950,1998-11-27,12.833333015441895,228300
951,1998-11-30,12.666666984558105,141000
952,1998-12-01,12.583333015441895,361200
953,1998-12-02,12.875,88200
954,1998-12-03,12.5,205500
955,1998-12-04,12.791666984558105,798000
956,1998-12-07,13.375,1366500
957,1998-12-08,13.854166984558105,782400
958,1998-12-09,13.8125,599400
959,1998-12-10,13.5,352500
960,1998-12-11,13.583333015441895,127800
961,1998-12-14,13.208333015441895,423300
962,1998-12-15,13.5,596100
963,1998-12-16,13.291666984558105,834300
964,1998-12-17,14.229166984558105,1174800
965,1998-12-18,14.291666984558105,863100
966,1998-12-21,14.416666984558105,233400
967,1998-12-22,14.833333015441895,265500
968,1998-12-23,14.791666984558105,108000
969,1998-12-24,15.0,54900
970,1998-12-28,15.625,369900
971,1998-12-29,16.083332061767578,234300
972,1998-12-30,15.979166984558105,175500
973,1998-12-31,16.666667938232422,345900
974,1999-01-04,15.916666984558105,474300
975,1999-01-05,15.166666984558105,659100
976,1999-01-06,16.166667938232422,370500
977,1999-01-07,16.166667938232422,424800
978,1999-01-08,16.541667938232422,560700
979,1999-01-11,16.333332061767578,346200
980,1999-01-12,16.270832061767578,247800
981,1999-01-13,16.395832061767578,156900
982,1999-01-14,15.4375,480000
983,1999-01-15,16.458332061767578,450900
984,1999-01-19,16.5625,177300
985,1999-01-20,16.125,208200
986,1999-01-21,15.291666984558105,352800
987,1999-01-22,15.125,1289100
988,1999-01-25,15.458333015441895,1020300
989,1999-01-26,16.833332061767578,597600
990,1999-01-27,16.125,1167900
991,1999-01-28,15.958333015441895,673200
992,1999-01-29,15.875,368700
993,1999-02-01,15.875,1641300
994,1999-02-02,15.458333015441895,557700
995,1999-02-03,15.125,638100
996,1999-02-04,14.666666984558105,594000
997,1999-02-05,14.25,1095000
998,1999-02-08,14.083333015441895,933000
999,1999-02-09,13.916666984558105,1947900
1000,1999-02-10,13.833333015441895,1037700
1001,1999-02-11,13.583333015441895,916800
1002,1999-02-12,13.375,1765500
1003,1999-02-16,13.354166984558105,1396500
1004,1999-02-17,13.104166984558105,566700
1005,1999-02-18,13.208333015441895,1345200
1006,1999-02-19,13.333333015441895,758700
1007,1999-02-22,13.3125,1183500
1008,1999-02-23,13.583333015441895,462900
1009,1999-02-24,13.583333015441895,1472100
1010,1999-02-25,13.333333015441895,317400
1011,1999-02-26,13.104166984558105,280200
1012,1999-03-01,13.416666984558105,495900
1013,1999-03-02,13.520833015441895,403200
1014,1999-03-03,13.0,1530600
1015,1999-03-04,13.041666984558105,1169100
1016,1999-03-05,13.166666984558105,974100
1017,1999-03-08,12.958333015441895,1397400
1018,1999-03-09,12.916666984558105,1399800
1019,1999-03-10,12.75,1241700
1020,1999-03-11,12.833333015441895,1540200
1021,1999-03-12,12.583333015441895,808800
1022,1999-03-15,12.916666984558105,3469200
1023,1999-03-16,13.1875,572400
1024,1999-03-17,13.0,897600
1025,1999-03-18,13.0,535800
1026,1999-03-19,12.229166984558105,629400
1027,1999-03-22,12.208333015441895,1235400
1028,1999-03-23,11.916666984558105,429600
1029,1999-03-24,11.916666984558105,261900
1030,1999-03-25,11.958333015441895,648000
1031,1999-03-26,12.041666984558105,783000
1032,1999-03-29,12.041666984558105,1050000
1033,1999-03-30,12.0,260700
1034,1999-03-31,12.0,820800
1035,1999-04-01,11.645833015441895,930000
1036,1999-04-05,11.104166984558105,5325000
1037,1999-04-06,12.4375,2655300
1038,1999-04-07,12.458333015441895,960900
1039,1999-04-08,11.875,2569800
1040,1999-04-09,12.125,1182000
1041,1999-04-12,11.875,1009500
1042,1999-04-13,12.458333015441895,1200900
1043,1999-04-14,12.6875,898500
1044,1999-04-15,13.25,620400
1045,1999-04-16,12.375,1189500
1046,1999-04-19,12.458333015441895,310500
1047,1999-04-20,12.208333015441895,396300
1048,1999-04-21,12.083333015441895,645600
1049,1999-04-22,12.333333015441895,345600
1050,1999-04-23,10.333333015441895,12686400
1051,1999-04-26,10.625,1285500
1052,1999-04-27,10.479166984558105,1076400
1053,1999-04-28,11.0,1811400
1054,1999-04-29,10.833333015441895,1798800
1055,1999-04-30,10.8125,1966200
1056,1999-05-03,10.791666984558105,873900
1057,1999-05-04,10.75,1207800
1058,1999-05-05,10.708333015441895,1177200
1059,1999-05-06,10.604166984558105,2223000
1060,1999-05-07,10.5,881400
1061,1999-05-10,10.395833015441895,3836400
1062,1999-05-11,10.854166984558105,1395300
1063,1999-05-12,11.0,1571100
1064,1999-05-13,11.1875,443700
1065,1999-05-14,11.0,507900
1066,1999-05-17,10.875,1009500
1067,1999-05-18,10.979166984558105,149400
1068,1999-05-19,11.125,274800
1069,1999-05-20,11.166666984558105,210600
1070,1999-05-21,11.041666984558105,2327100
1071,1999-05-24,10.5,1946400
1072,1999-05-25,10.666666984558105,916800
1073,1999-05-26,10.729166984558105,726900
1074,1999-05-27,10.291666984558105,468000
1075,1999-05-28,10.625,868500
1076,1999-06-01,10.854166984558105,333300
1077,1999-06-02,10.75,970800
1078,1999-06-03,10.666666984558105,1201800
1079,1999-06-04,10.833333015441895,452100
1080,1999-06-07,11.03125,735000
1081,1999-06-08,11.083333015441895,707700
1082,1999-06-09,11.354166984558105,502200
1083,1999-06-10,11.375,921900
1084,1999-06-11,11.5625,1406700
1085,1999-06-14,11.291666984558105,773700
1086,1999-06-15,11.395833015441895,566400
1087,1999-06-16,11.6875,849600
1088,1999-06-17,11.604166984558105,1018200
1089,1999-06-18,11.5,892200
1090,1999-06-21,11.416666984558105,473100
1091,1999-06-22,11.583333015441895,517500
1092,1999-06-23,11.916666984558105,1668600
1093,1999-06-24,12.333333015441895,1620600
1094,1999-06-25,12.25,1216500
1095,1999-06-28,12.666666984558105,1620900
1096,1999-06-29,12.854166984558105,1638300
1097,1999-06-30,13.0,6854700
1098,1999-07-01,12.916666984558105,1376700
1099,1999-07-02,12.958333015441895,424200
1100,1999-07-06,13.375,1356300
1101,1999-07-07,13.125,1875900
1102,1999-07-08,12.895833015441895,1728600
1103,1999-07-09,12.791666984558105,1578300
1104,1999-07-12,13.0,1068900
1105,1999-07-13,12.791666984558105,1397100
1106,1999-07-14,12.802083015441895,349500
1107,1999-07-15,12.666666984558105,612300
1108,1999-07-16,12.833333015441895,1130100
1109,1999-07-19,12.1875,700800
1110,1999-07-20,11.979166984558105,649800
1111,1999-07-21,12.166666984558105,1005000
1112,1999-07-22,12.020833015441895,521100
1113,1999-07-23,10.416666984558105,11091000
1114,1999-07-26,10.458333015441895,1130400
1115,1999-07-27,10.479166984558105,2292900
1116,1999-07-28,10.479166984558105,1941300
1117,1999-07-29,10.166666984558105,1954800
1118,1999-07-30,10.208333015441895,1594500
1119,1999-08-02,10.0,1376700
1120,1999-08-03,9.520833015441895,1469700
1121,1999-08-04,9.208333015441895,1878300
1122,1999-08-05,9.291666984558105,1067100
1123,1999-08-06,9.270833015441895,952200
1124,1999-08-09,9.6875,2536500
1125,1999-08-10,10.0,2172300
1126,1999-08-11,10.020833015441895,727500
1127,1999-08-12,10.041666984558105,845400
1128,1999-08-13,10.166666984558105,791100
1129,1999-08-16,10.229166984558105,1430100
1130,1999-08-17,10.333333015441895,1578300
1131,1999-08-18,10.541666984558105,535800
1132,1999-08-19,11.041666984558105,1704000
1133,1999-08-20,11.125,966300
1134,1999-08-23,11.166666984558105,1403700
1135,1999-08-24,10.604166984558105,852000
1136,1999-08-25,10.25,1782300
1137,1999-08-26,10.291666984558105,1115700
1138,1999-08-27,9.8125,1353600
1139,1999-08-30,9.958333015441895,1764600
1140,1999-08-31,9.8125,1373100
1141,1999-09-01,10.125,894900
1142,1999-09-02,9.6875,1797300
1143,1999-09-03,10.0,693600
1144,1999-09-07,10.0,530700
1145,1999-09-08,9.770833015441895,1575900
1146,1999-09-09,9.9375,1212900
1147,1999-09-10,10.083333015441895,1367100
1148,1999-09-13,10.0625,740700
1149,1999-09-14,10.3125,883800
1150,1999-09-15,10.3125,977400
1151,1999-09-16,10.0625,1898100
1152,1999-09-17,9.9375,1698600
1153,1999-09-20,9.53125,1215600
1154,1999-09-21,8.604166984558105,3492300
1155,1999-09-22,8.875,4607700
1156,1999-09-23,8.833333015441895,3347400
1157,1999-09-24,8.520833015441895,2211300
1158,1999-09-27,9.083333015441895,1947900
1159,1999-09-28,9.333333015441895,951300
1160,1999-09-29,8.979166984558105,1569600
1161,1999-09-30,8.979166984558105,1526400
1162,1999-10-01,8.625,2086800
1163,1999-10-04,8.625,668700
1164,1999-10-05,8.666666984558105,1055700
1165,1999-10-06,9.208333015441895,1091400
1166,1999-10-07,9.3125,1568400
1167,1999-10-08,8.958333015441895,885600
1168,1999-10-11,9.479166984558105,1110000
1169,1999-10-12,9.510416984558105,1533000
1170,1999-10-13,9.1875,868800
1171,1999-10-14,8.833333015441895,1954500
1172,1999-10-15,8.666666984558105,1303500
1173,1999-10-18,8.4375,1166400
1174,1999-10-19,8.333333015441895,1234800
1175,1999-10-20,8.541666984558105,1129500
1176,1999-10-21,9.979166984558105,6481500
1177,1999-10-22,9.520833015441895,1147500
1178,1999-10-25,9.208333015441895,1744500
1179,1999-10-26,10.020833015441895,2734800
1180,1999-10-27,10.125,2664300
1181,1999-10-28,9.75,1551900
1182,1999-10-29,10.25,6033600
1183,1999-11-01,10.583333015441895,2049300
1184,1999-11-02,11.291666984558105,5231100
1185,1999-11-03,12.0,4059600
1186,1999-11-04,11.541666984558105,3404100
1187,1999-11-05,11.375,945900
1188,1999-11-08,11.541666984558105,945300
1189,1999-11-09,11.354166984558105,944400
1190,1999-11-10,11.041666984558105,3030600
1191,1999-11-11,10.645833015441895,1785600
1192,1999-11-12,10.916666984558105,1177500
1193,1999-11-15,11.0625,439800
1194,1999-11-16,11.25,1064100
1195,1999-11-17,11.083333015441895,1199400
1196,1999-11-18,11.291666984558105,962700
1197,1999-11-19,11.8125,1694100
1198,1999-11-22,11.75,928200
1199,1999-11-23,11.333333015441895,1165500
1200,1999-11-24,11.541666984558105,777600
1201,1999-11-26,11.645833015441895,148500
1202,1999-11-29,11.3125,627900
1203,1999-11-30,11.645833015441895,804600
1204,1999-12-01,11.541666984558105,1070700
1205,1999-12-02,11.708333015441895,678000
1206,1999-12-03,11.854166984558105,1127700
1207,1999-12-06,11.625,603300
1208,1999-12-07,11.833333015441895,336600
1209,1999-12-08,11.5625,409500
1210,1999-12-09,11.604166984558105,424200
1211,1999-12-10,11.625,690300
1212,1999-12-13,11.458333015441895,622200
1213,1999-12-14,10.666666984558105,1633200
1214,1999-12-15,9.1875,22557900
1215,1999-12-16,8.645833015441895,5478300
1216,1999-12-17,8.916666984558105,4764900
1217,1999-12-20,9.0,4431600
1218,1999-12-21,8.916666984558105,3949200
1219,1999-12-22,8.75,1696200
1220,1999-12-23,8.875,1854600
1221,1999-12-27,9.041666984558105,1870200
1222,1999-12-28,9.0625,1192800
1223,1999-12-29,9.0,1337400
1224,1999-12-30,9.166666984558105,1271700
1225,1999-12-31,9.333333015441895,1333800
1226,2000-01-03,8.9375,1335300
1227,2000-01-04,8.333333015441895,2669400
1228,2000-01-05,8.0625,2554200
1229,2000-01-06,7.9791669845581055,2390400
1230,2000-01-07,7.8125,3169800
1231,2000-01-10,8.1875,4111500
1232,2000-01-11,8.020833015441895,2459400
1233,2000-01-12,7.9791669845581055,2915100
1234,2000-01-13,8.229166984558105,2906400
1235,2000-01-14,8.541666984558105,3642000
1236,2000-01-18,9.0625,4053900
1237,2000-01-19,9.770833015441895,5184600
1238,2000-01-20,8.958333015441895,2309400
1239,2000-01-21,8.270833015441895,11151600
1240,2000-01-24,7.9166669845581055,2319900
1241,2000-01-25,7.6458330154418945,2370900
1242,2000-01-26,7.2916669845581055,2370600
1243,2000-01-27,7.2916669845581055,1847700
1244,2000-01-28,7.125,2541000
1245,2000-01-31,7.1666669845581055,2073000
1246,2000-02-01,7.3958330154418945,1637100
1247,2000-02-02,7.1875,1748700
1248,2000-02-03,7.4583330154418945,1821000
1249,2000-02-04,7.3541669845581055,1095900
1250,2000-02-07,7.6666669845581055,1428900
1251,2000-02-08,8.083333015441895,3111300
1252,2000-02-09,8.5,5347200
1253,2000-02-10,8.270833015441895,1881900
1254,2000-02-11,7.3958330154418945,3960600
1255,2000-02-14,7.7083330154418945,2977200
1256,2000-02-15,7.625,2394000
1257,2000-02-16,7.7708330154418945,2726700
1258,2000-02-17,9.333333015441895,12286200
1259,2000-02-18,9.958333015441895,8315700
1260,2000-02-22,8.666666984558105,3626400
1261,2000-02-23,9.25,2372700
1262,2000-02-24,13.291666984558105,33636600
1263,2000-02-25,13.208333015441895,5767800
1264,2000-02-28,13.270833015441895,4527600
1265,2000-02-29,15.041666984558105,6858600
1266,2000-03-01,15.354166984558105,5983800
1267,2000-03-02,14.479166984558105,1912200
1268,2000-03-03,14.229166984558105,2018400
1269,2000-03-06,13.645833015441895,1528800
1270,2000-03-07,13.375,3372000
1271,2000-03-08,12.666666984558105,3645900
1272,2000-03-09,13.041666984558105,1260600
1273,2000-03-10,11.958333015441895,1719000
1274,2000-03-13,10.770833015441895,1905600
1275,2000-03-14,10.916666984558105,1954500
1276,2000-03-15,10.020833015441895,2262600
1277,2000-03-16,10.854166984558105,2756700
1278,2000-03-17,11.333333015441895,1608900
1279,2000-03-20,10.083333015441895,1663800
1280,2000-03-21,9.8125,2494200
1281,2000-03-22,10.604166984558105,2420700
1282,2000-03-23,10.291666984558105,1242900
1283,2000-03-24,9.895833015441895,2037000
1284,2000-03-27,9.375,1706700
1285,2000-03-28,9.166666984558105,815400
1286,2000-03-29,9.104166984558105,1597200
1287,2000-03-30,9.270833015441895,1524600
1288,2000-03-31,9.625,2403900
1289,2000-04-03,9.145833015441895,1306800
1290,2000-04-04,8.833333015441895,2063700
1291,2000-04-05,9.145833015441895,2259300
1292,2000-04-06,9.375,1705200
1293,2000-04-07,9.395833015441895,2874900
1294,2000-04-10,8.479166984558105,1434000
1295,2000-04-11,8.875,962100
1296,2000-04-12,8.479166984558105,727200
1297,2000-04-13,8.208333015441895,998400
1298,2000-04-14,7.5833330154418945,1574700
1299,2000-04-17,7.6666669845581055,851100
1300,2000-04-18,8.5,1809900
1301,2000-04-19,8.625,787200
1302,2000-04-20,8.375,947100
1303,2000-04-24,8.0625,1813200
1304,2000-04-25,8.333333015441895,1431000
1305,2000-04-26,4.4375,34236000
1306,2000-04-27,5.0416669845581055,11316000
1307,2000-04-28,5.4375,7946100
1308,2000-05-01,5.6458330154418945,5676600
1309,2000-05-02,5.5416669845581055,3639300
1310,2000-05-03,5.2291669845581055,2705400
1311,2000-05-04,5.6458330154418945,2010300
1312,2000-05-05,5.5833330154418945,745800
1313,2000-05-08,5.6041669845581055,1543800
1314,2000-05-09,5.4791669845581055,1030200
1315,2000-05-10,5.3125,1117500
1316,2000-05-11,5.3125,1232700
1317,2000-05-12,5.1041669845581055,594300
1318,2000-05-15,4.9375,3051300
1319,2000-05-16,5.0,1296900
1320,2000-05-17,4.9791669845581055,1906200
1321,2000-05-18,4.7916669845581055,490200
1322,2000-05-19,4.625,1487400
1323,2000-05-22,4.5208330154418945,1030200
1324,2000-05-23,4.6666669845581055,1854300
1325,2000-05-24,4.375,4582200
1326,2000-05-25,4.25,1328100
1327,2000-05-26,3.875,1788900
1328,2000-05-30,4.0208330154418945,1442400
1329,2000-05-31,4.0416669845581055,980100
1330,2000-06-01,4.4375,1363500
1331,2000-06-02,4.5833330154418945,2958900
1332,2000-06-05,4.75,1879500
1333,2000-06-06,4.6666669845581055,746400
1334,2000-06-07,4.9166669845581055,2145000
1335,2000-06-08,5.1458330154418945,1509300
1336,2000-06-09,6.0625,3620700
1337,2000-06-12,5.6458330154418945,1611900
1338,2000-06-13,5.6458330154418945,1130400
1339,2000-06-14,5.6458330154418945,613200
1340,2000-06-15,5.625,1684800
1341,2000-06-16,5.6875,1407600
1342,2000-06-19,5.6875,829800
1343,2000-06-20,5.8333330154418945,741000
1344,2000-06-21,5.7916669845581055,258600
1345,2000-06-22,5.625,240600
1346,2000-06-23,5.7083330154418945,1127100
1347,2000-06-26,5.7916669845581055,499500
1348,2000-06-27,5.6458330154418945,1014600
1349,2000-06-28,5.6458330154418945,940200
1350,2000-06-29,5.375,311100
1351,2000-06-30,5.7083330154418945,993300
1352,2000-07-03,5.625,384900
1353,2000-07-05,5.375,859500
1354,2000-07-06,5.4375,872700
1355,2000-07-07,5.7708330154418945,523800
1356,2000-07-10,5.6875,775800
1357,2000-07-11,5.7291669845581055,769500
1358,2000-07-12,6.0833330154418945,892200
1359,2000-07-13,6.7916669845581055,3227700
1360,2000-07-14,7.3541669845581055,2255400
1361,2000-07-17,6.6041669845581055,1103700
1362,2000-07-18,6.5833330154418945,465900
1363,2000-07-19,6.0416669845581055,954900
1364,2000-07-20,6.25,711600
1365,2000-07-21,6.5,584400
1366,2000-07-24,6.5416669845581055,1529100
1367,2000-07-25,6.0833330154418945,622500
1368,2000-07-26,6.2291669845581055,445800
1369,2000-07-27,6.2291669845581055,351300
1370,2000-07-28,5.8125,287100
1371,2000-07-31,5.8958330154418945,535200
1372,2000-08-01,5.9583330154418945,188400
1373,2000-08-02,6.1458330154418945,316200
1374,2000-08-03,6.1458330154418945,411000
1375,2000-08-04,6.125,617100
1376,2000-08-07,6.2083330154418945,150600
1377,2000-08-08,6.2291669845581055,192000
1378,2000-08-09,6.125,156000
1379,2000-08-10,5.9166669845581055,120000
1380,2000-08-11,6.1458330154418945,238800
1381,2000-08-14,6.2083330154418945,520800
1382,2000-08-15,6.4583330154418945,1109700
1383,2000-08-16,6.3333330154418945,1484400
1384,2000-08-17,6.2708330154418945,187500
1385,2000-08-18,6.1666669845581055,528900
1386,2000-08-21,5.9791669845581055,336000
1387,2000-08-22,5.8333330154418945,505200
1388,2000-08-23,5.8541669845581055,199800
1389,2000-08-24,5.9791669845581055,601200
1390,2000-08-25,6.1041669845581055,805500
1391,2000-08-28,6.2447919845581055,360300
1392,2000-08-29,6.2291669845581055,267000
1393,2000-08-30,6.2916669845581055,191100
1394,2000-08-31,6.125,395700
1395,2000-09-01,6.1875,345000
1396,2000-09-05,6.2083330154418945,1863300
1397,2000-09-06,6.1041669845581055,384600
1398,2000-09-07,5.8958330154418945,730200
1399,2000-09-08,6.0625,1275600
1400,2000-09-11,5.9583330154418945,751800
1401,2000-09-12,5.8958330154418945,225000
1402,2000-09-13,5.3229169845581055,1657800
1403,2000-09-14,5.75,1141800
1404,2000-09-15,5.3958330154418945,486300
1405,2000-09-18,5.25,708300
1406,2000-09-19,5.25,1770900
1407,2000-09-20,5.1666669845581055,300600
1408,2000-09-21,5.0,834000
1409,2000-09-22,5.1666669845581055,518700
1410,2000-09-25,5.3229169845581055,304500
1411,2000-09-26,5.25,897900
1412,2000-09-27,5.25,356100
1413,2000-09-28,5.6666669845581055,600000
1414,2000-09-29,5.4166669845581055,699300
1415,2000-10-02,4.9166669845581055,428100
1416,2000-10-03,4.625,357900
1417,2000-10-04,4.6458330154418945,479700
1418,2000-10-05,4.625,204300
1419,2000-10-06,4.4166669845581055,544800
1420,2000-10-09,4.7291669845581055,394200
1421,2000-10-10,4.3333330154418945,314100
1422,2000-10-11,4.3333330154418945,455700
1423,2000-10-12,4.2916669845581055,215100
1424,2000-10-13,5.25,1277400
1425,2000-10-16,4.515625,1178100
1426,2000-10-17,4.375,321300
1427,2000-10-18,4.5625,397800
1428,2000-10-19,4.8333330154418945,217800
1429,2000-10-20,5.4583330154418945,633900
1430,2000-10-23,5.1875,448200
1431,2000-10-24,5.375,628500
1432,2000-10-25,5.375,360600
1433,2000-10-26,5.0,880800
1434,2000-10-27,4.2291669845581055,1308300
1435,2000-10-30,4.4166669845581055,2075400
1436,2000-10-31,4.5,451800
1437,2000-11-01,4.8125,936000
1438,2000-11-02,5.2291669845581055,738300
1439,2000-11-03,5.0,963000
1440,2000-11-06,5.0416669845581055,1096800
1441,2000-11-07,5.0833330154418945,748200
1442,2000-11-08,4.9791669845581055,675300
1443,2000-11-09,4.9583330154418945,283200
1444,2000-11-10,4.625,561900
1445,2000-11-13,4.8958330154418945,1000200
1446,2000-11-14,4.8541669845581055,1152600
1447,2000-11-15,5.0416669845581055,443100
1448,2000-11-16,4.9791669845581055,520500
1449,2000-11-17,4.9583330154418945,232800
1450,2000-11-20,4.9583330154418945,192300
1451,2000-11-21,4.8333330154418945,907500
1452,2000-11-22,4.8125,757200
1453,2000-11-24,4.875,229800
1454,2000-11-27,4.5416669845581055,495600
1455,2000-11-28,5.4895830154418945,1413000
1456,2000-11-29,4.75,526200
1457,2000-11-30,4.625,620700
1458,2000-12-01,4.8125,495300
1459,2000-12-04,4.6875,294600
1460,2000-12-05,5.0833330154418945,382500
1461,2000-12-06,5.0833330154418945,603000
1462,2000-12-07,5.0208330154418945,458100
1463,2000-12-08,5.2708330154418945,613800
1464,2000-12-11,5.2916669845581055,1161300
1465,2000-12-12,5.1875,187800
1466,2000-12-13,4.8958330154418945,397200
1467,2000-12-14,5.0,570300
1468,2000-12-15,4.8125,1302900
1469,2000-12-18,4.375,533700
1470,2000-12-19,4.0833330154418945,803100
1471,2000-12-20,3.7083330154418945,840300
1472,2000-12-21,4.3958330154418945,1653300
1473,2000-12-22,4.125,1391100
1474,2000-12-26,4.1458330154418945,540300
1475,2000-12-27,4.0416669845581055,514800
1476,2000-12-28,3.9895830154418945,1407900
1477,2000-12-29,3.8541669845581055,1650900
1478,2001-01-02,3.8333330154418945,396300
1479,2001-01-03,4.5625,1318200
1480,2001-01-04,4.2083330154418945,499200
1481,2001-01-05,4.1666669845581055,1985400
1482,2001-01-08,3.9791669845581055,720900
1483,2001-01-09,4.0416669845581055,1357500
1484,2001-01-10,4.25,1326000
1485,2001-01-11,4.2916669845581055,387000
1486,2001-01-12,4.4583330154418945,1362900
1487,2001-01-16,4.5416669845581055,465000
1488,2001-01-17,4.546875,336600
1489,2001-01-18,4.5208330154418945,495600
1490,2001-01-19,3.9166669845581055,2028900
1491,2001-01-22,3.8125,669000
1492,2001-01-23,3.8958330154418945,732600
1493,2001-01-24,3.7916669845581055,250500
1494,2001-01-25,3.8125,425100
1495,2001-01-26,3.75,276000
1496,2001-01-29,3.7708330154418945,2169300
1497,2001-01-30,3.8541669845581055,446400
1498,2001-01-31,3.8125,665700
1499,2001-02-01,3.8958330154418945,622500
1500,2001-02-02,3.7708330154418945,699600
1501,2001-02-05,3.75,213900
1502,2001-02-06,3.7708330154418945,270600
1503,2001-02-07,3.6875,623700
1504,2001-02-08,3.8958330154418945,1171500
1505,2001-02-09,3.8125,779400
1506,2001-02-12,3.7083330154418945,1479300
1507,2001-02-13,3.6875,317700
1508,2001-02-14,3.5625,391800
1509,2001-02-15,3.6666669845581055,563100
1510,2001-02-16,3.625,692100
1511,2001-02-20,3.4375,461400
1512,2001-02-21,3.4166669845581055,396300
1513,2001-02-22,3.2916669845581055,336600
1514,2001-02-23,3.09375,1190100
1515,2001-02-26,3.2291669845581055,244200
1516,2001-02-27,3.0416669845581055,413400
1517,2001-02-28,3.125,760200
1518,2001-03-01,3.0208330154418945,897900
1519,2001-03-02,3.0208330154418945,340800
1520,2001-03-05,2.9583330154418945,299100
1521,2001-03-06,2.9947919845581055,1913700
1522,2001-03-07,3.0,894300
1523,2001-03-08,2.9791669845581055,675000
1524,2001-03-09,2.9583330154418945,351300
1525,2001-03-12,2.90625,245100
1526,2001-03-13,3.0,490200
1527,2001-03-14,2.71875,668100
1528,2001-03-15,2.7708330154418945,1922100
1529,2001-03-16,2.5416669845581055,808200
1530,2001-03-19,2.4166669845581055,1183200
1531,2001-03-20,2.625,592200
1532,2001-03-21,2.4791669845581055,447300
1533,2001-03-22,2.375,520800
1534,2001-03-23,2.4270830154418945,615300
1535,2001-03-26,2.4583330154418945,310800
1536,2001-03-27,2.5833330154418945,455400
1537,2001-03-28,2.3333330154418945,157500
1538,2001-03-29,2.125,330900
1539,2001-03-30,2.3854169845581055,1095000
1540,2001-04-02,2.4583330154418945,447000
1541,2001-04-03,1.953125,968700
1542,2001-04-04,2.25,628800
1543,2001-04-05,2.4791669845581055,1167300
1544,2001-04-06,2.3333330154418945,855600
1545,2001-04-09,2.5133330821990967,349200
1546,2001-04-10,2.646667003631592,4102200
1547,2001-04-11,2.5333330631256104,629700
1548,2001-04-12,2.446666955947876,330900
1549,2001-04-16,2.613332986831665,1507200
1550,2001-04-17,2.5999999046325684,1079100
1551,2001-04-18,2.636667013168335,696000
1552,2001-04-19,2.7833330631256104,456000
1553,2001-04-20,2.6600000858306885,969600
1554,2001-04-23,2.5466670989990234,329400
1555,2001-04-24,2.549999952316284,155700
1556,2001-04-25,2.609999895095825,229800
1557,2001-04-26,2.6700000762939453,361500
1558,2001-04-27,2.8333330154418945,374700
1559,2001-04-30,2.813333034515381,391200
1560,2001-05-01,2.7833330631256104,359700
1561,2001-05-02,3.576667070388794,1701000
1562,2001-05-03,3.3499999046325684,578400
1563,2001-05-04,3.3666670322418213,489000
1564,2001-05-07,3.49666690826416,577200
1565,2001-05-08,3.6566669940948486,945000
1566,2001-05-09,3.5999999046325684,686700
1567,2001-05-10,3.7966670989990234,2305800
1568,2001-05-11,4.010000228881836,1021500
1569,2001-05-14,4.360000133514404,1453800
1570,2001-05-15,4.1666669845581055,944400
1571,2001-05-16,4.210000038146973,829500
1572,2001-05-17,4.3933329582214355,1197000
1573,2001-05-18,4.400000095367432,385200
1574,2001-05-21,4.816667079925537,620400
1575,2001-05-22,4.5966668128967285,449700
1576,2001-05-23,4.3333330154418945,411000
1577,2001-05-24,4.619999885559082,522600
1578,2001-05-25,4.360000133514404,164700
1579,2001-05-29,4.233333110809326,344100
1580,2001-05-30,4.0833330154418945,402900
1581,2001-05-31,3.8333330154418945,1520100
1582,2001-06-01,4.00333309173584,479700
1583,2001-06-04,4.0833330154418945,237900
1584,2001-06-05,4.316667079925537,720300
1585,2001-06-06,4.260000228881836,253200
1586,2001-06-07,4.22333288192749,303300
1587,2001-06-08,4.283332824707031,215400
1588,2001-06-11,4.183332920074463,168300
1589,2001-06-12,4.239999771118164,177900
1590,2001-06-13,4.103332996368408,178500
1591,2001-06-14,3.933332920074463,173700
1592,2001-06-15,4.006667137145996,686400
1593,2001-06-18,3.956666946411133,134400
1594,2001-06-19,3.74666690826416,722700
1595,2001-06-20,3.4600000381469727,561900
1596,2001-06-21,3.5466670989990234,885300
1597,2001-06-22,3.5733330249786377,212700
1598,2001-06-25,3.516666889190674,806100
1599,2001-06-26,4.0,954900
1600,2001-06-27,3.933332920074463,273300
1601,2001-06-28,4.043333053588867,629100
1602,2001-06-29,4.75,1079400
1603,2001-07-02,4.1533331871032715,506100
1604,2001-07-03,4.233333110809326,307500
1605,2001-07-05,4.006667137145996,261000
1606,2001-07-06,3.809999942779541,171900
1607,2001-07-09,3.799999952316284,594900
1608,2001-07-10,3.266666889190674,1463700
1609,2001-07-11,3.336667060852051,1532100
1610,2001-07-12,3.7733330726623535,656700
1611,2001-07-13,3.869999885559082,651300
1612,2001-07-16,3.75,425400
1613,2001-07-17,3.7833330631256104,711900
1614,2001-07-18,3.5899999141693115,676800
1615,2001-07-19,3.613332986831665,243000
1616,2001-07-20,3.603332996368408,631500
1617,2001-07-23,3.7200000286102295,549900
1618,2001-07-24,3.7733330726623535,646200
1619,2001-07-25,3.863332986831665,395400
1620,2001-07-26,3.933332920074463,238800
1621,2001-07-27,4.0,331800
1622,2001-07-30,3.8833329677581787,279900
1623,2001-07-31,3.733333110809326,574800
1624,2001-08-01,3.6666669845581055,639900
1625,2001-08-02,3.766666889190674,140100
1626,2001-08-03,3.7799999713897705,808500
1627,2001-08-06,3.74666690826416,564600
1628,2001-08-07,3.6700000762939453,410400
1629,2001-08-08,3.3433330059051514,1430100
1630,2001-08-09,3.5466670989990234,537300
1631,2001-08-10,3.563333034515381,400200
1632,2001-08-13,3.7166669368743896,148200
1633,2001-08-14,3.6333329677581787,539700
1634,2001-08-15,3.613332986831665,2369400
1635,2001-08-16,3.6666669845581055,609300
1636,2001-08-17,3.5399999618530273,990600
1637,2001-08-20,3.6166670322418213,555000
1638,2001-08-21,3.5566670894622803,119700
1639,2001-08-22,3.5966670513153076,378300
1640,2001-08-23,3.5733330249786377,320700
1641,2001-08-24,3.6666669845581055,351000
1642,2001-08-27,3.7100000381469727,781200
1643,2001-08-28,3.683332920074463,353700
1644,2001-08-29,3.683332920074463,445800
1645,2001-08-30,3.5299999713897705,118200
1646,2001-08-31,3.7366669178009033,211200
1647,2001-09-04,3.636667013168335,269100
1648,2001-09-05,3.3666670322418213,190200
1649,2001-09-06,3.359999895095825,233100
1650,2001-09-07,3.1500000953674316,125400
1651,2001-09-10,3.0833330154418945,163500
1652,2001-09-17,2.683332920074463,288600
1653,2001-09-18,2.766666889190674,155400
1654,2001-09-19,2.5999999046325684,164700
1655,2001-09-20,2.3233330249786377,310200
1656,2001-09-21,2.4200000762939453,908700
1657,2001-09-24,2.3666670322418213,392700
1658,2001-09-25,2.2633330821990967,544500
1659,2001-09-26,2.086667060852051,438300
1660,2001-09-27,2.0933330059051514,636600
1661,2001-09-28,2.0933330059051514,912900
1662,2001-10-01,2.186666965484619,1063800
1663,2001-10-02,2.0833330154418945,1328100
1664,2001-10-03,2.233333110809326,1074900
1665,2001-10-04,2.6500000953674316,1167000
1666,2001-10-05,2.686666965484619,441300
1667,2001-10-08,2.853332996368408,407100
1668,2001-10-09,3.0,369900
1669,2001-10-10,3.163332939147949,387600
1670,2001-10-11,3.25,211800
1671,2001-10-12,3.3299999237060547,354900
1672,2001-10-15,3.369999885559082,314700
1673,2001-10-16,3.4266669750213623,264600
1674,2001-10-17,3.299999952316284,501900
1675,2001-10-18,3.24666690826416,232500
1676,2001-10-19,3.363332986831665,492000
1677,2001-10-22,3.380000114440918,379200
1678,2001-10-23,3.5466670989990234,654300
1679,2001-10-24,3.456666946411133,621900
1680,2001-10-25,3.623332977294922,435900
1681,2001-10-26,3.6433329582214355,335100
1682,2001-10-29,3.303333044052124,391200
1683,2001-10-30,3.186666965484619,339300
1684,2001-10-31,3.240000009536743,570300
1685,2001-11-01,3.433332920074463,1169100
1686,2001-11-02,3.4166669845581055,287100
1687,2001-11-05,3.4066669940948486,903600
1688,2001-11-06,3.566667079925537,534900
1689,2001-11-07,3.6700000762939453,550200
1690,2001-11-08,3.566667079925537,556800
1691,2001-11-09,3.663332939147949,578400
1692,2001-11-12,3.5999999046325684,388500
1693,2001-11-13,3.646667003631592,936300
1694,2001-11-14,3.646667003631592,808200
1695,2001-11-15,3.576667070388794,382500
1696,2001-11-16,3.619999885559082,298800
1697,2001-11-19,4.016666889190674,2209500
1698,2001-11-20,3.7833330631256104,2077800
1699,2001-11-21,3.9433329105377197,702600
1700,2001-11-23,4.086667060852051,735300
1701,2001-11-26,3.950000047683716,512700
1702,2001-11-27,3.9266669750213623,355500
1703,2001-11-28,3.683332920074463,326100
1704,2001-11-29,3.913332939147949,355800
1705,2001-11-30,4.139999866485596,765600
1706,2001-12-03,3.9533329010009766,269700
1707,2001-12-04,4.043333053588867,979500
1708,2001-12-05,4.179999828338623,1389600
1709,2001-12-06,4.543333053588867,1842900
1710,2001-12-07,4.579999923706055,735300
1711,2001-12-10,4.5,654000
1712,2001-12-11,4.443333148956299,304800
1713,2001-12-12,4.650000095367432,854400
1714,2001-12-13,4.533332824707031,496800
1715,2001-12-14,4.353332996368408,804600
1716,2001-12-17,4.693333148956299,323700
1717,2001-12-18,4.533332824707031,340800
1718,2001-12-19,4.296667098999023,1024500
1719,2001-12-20,4.203332901000977,452400
1720,2001-12-21,4.126667022705078,1569300
1721,2001-12-24,4.233333110809326,187800
1722,2001-12-26,4.283332824707031,83700
1723,2001-12-27,4.21999979019165,309600
1724,2001-12-28,4.173333168029785,293100
1725,2001-12-31,4.086667060852051,786300
1726,2002-01-02,3.9533329010009766,636300
1727,2002-01-03,3.50333309173584,4278000
1728,2002-01-04,3.950000047683716,576300
1729,2002-01-07,3.7166669368743896,472200
1730,2002-01-08,3.9000000953674316,182700
1731,2002-01-09,3.923332929611206,553200
1732,2002-01-10,3.759999990463257,157200
1733,2002-01-11,3.7233328819274902,369000
1734,2002-01-14,3.7366669178009033,525600
1735,2002-01-15,3.733333110809326,266700
1736,2002-01-16,3.493333101272583,302400
1737,2002-01-17,3.696666955947876,501900
1738,2002-01-18,3.5833330154418945,595800
1739,2002-01-22,3.50333309173584,243900
1740,2002-01-23,3.6566669940948486,162600
1741,2002-01-24,3.6766669750213623,1067400
1742,2002-01-25,3.686666965484619,408900
1743,2002-01-28,3.7799999713897705,365700
1744,2002-01-29,3.646667003631592,181800
1745,2002-01-30,3.626667022705078,522300
1746,2002-01-31,3.5799999237060547,459000
1747,2002-02-01,3.316667079925537,1352700
1748,2002-02-04,3.2866671085357666,1065600
1749,2002-02-05,3.299999952316284,758100
1750,2002-02-06,3.3566670417785645,339900
1751,2002-02-07,3.233333110809326,251100
1752,2002-02-08,3.316667079925537,297600
1753,2002-02-11,3.3466670513153076,166500
1754,2002-02-12,3.303333044052124,656400
1755,2002-02-13,3.3499999046325684,319200
1756,2002-02-14,3.266666889190674,377400
1757,2002-02-15,3.316667079925537,427500
1758,2002-02-19,3.266666889190674,199800
1759,2002-02-20,3.316667079925537,354600
1760,2002-02-21,3.1666669845581055,885600
1761,2002-02-22,3.363332986831665,608400
1762,2002-02-25,3.436666965484619,700200
1763,2002-02-26,3.316667079925537,580800
1764,2002-02-27,3.353332996368408,219000
1765,2002-02-28,3.316667079925537,243900
1766,2002-03-01,3.3499999046325684,246300
1767,2002-03-04,3.3499999046325684,720600
1768,2002-03-05,3.316667079925537,381300
1769,2002-03-06,3.373332977294922,851700
1770,2002-03-07,3.3333330154418945,578400
1771,2002-03-08,3.433332920074463,3306300
1772,2002-03-11,3.3933329582214355,1630200
1773,2002-03-12,3.2833330631256104,532800
1774,2002-03-13,3.3299999237060547,275700
1775,2002-03-14,3.4000000953674316,228300
1776,2002-03-15,3.163332939147949,1985100
1777,2002-03-18,3.2100000381469727,1416600
1778,2002-03-19,3.359999895095825,3055500
1779,2002-03-20,3.4000000953674316,575400
1780,2002-03-21,3.5133330821990967,312000
1781,2002-03-22,3.569999933242798,332100
1782,2002-03-25,3.380000114440918,198000
1783,2002-03-26,3.5233330726623535,355500
1784,2002-03-27,3.7133328914642334,270600
1785,2002-03-28,3.799999952316284,440700
1786,2002-04-01,3.6933329105377197,267900
1787,2002-04-02,3.733333110809326,305700
1788,2002-04-03,3.4733328819274902,559500
1789,2002-04-04,3.7766671180725098,365700
1790,2002-04-05,3.690000057220459,241200
1791,2002-04-08,3.819999933242798,187800
1792,2002-04-09,3.603332996368408,264600
1793,2002-04-10,3.853332996368408,313800
1794,2002-04-11,3.483333110809326,269700
1795,2002-04-12,3.9000000953674316,395400
1796,2002-04-15,3.8833329677581787,669000
1797,2002-04-16,4.013332843780518,1189200
1798,2002-04-17,4.066667079925537,203700
1799,2002-04-18,3.9266669750213623,192600
1800,2002-04-19,4.0233330726623535,216000
1801,2002-04-22,3.950000047683716,131700
1802,2002-04-23,4.043333053588867,128100
1803,2002-04-24,3.8233330249786377,266700
1804,2002-04-25,3.940000057220459,528900
1805,2002-04-26,3.646667003631592,371100
1806,2002-04-29,3.619999885559082,384300
1807,2002-04-30,3.8666670322418213,786000
1808,2002-05-01,3.630000114440918,403800
1809,2002-05-02,3.740000009536743,411000
1810,2002-05-03,3.853332996368408,220500
1811,2002-05-06,3.5833330154418945,230100
1812,2002-05-07,3.506666898727417,213300
1813,2002-05-08,3.673332929611206,411000
1814,2002-05-09,3.5366671085357666,199200
1815,2002-05-10,3.4000000953674316,217200
1816,2002-05-13,3.390000104904175,714600
1817,2002-05-14,3.493333101272583,731100
1818,2002-05-15,3.5333330631256104,1419300
1819,2002-05-16,3.5133330821990967,671700
1820,2002-05-17,3.5199999809265137,309300
1821,2002-05-20,3.4800000190734863,369600
1822,2002-05-21,3.5233330726623535,314700
1823,2002-05-22,3.6666669845581055,1370700
1824,2002-05-23,3.6500000953674316,524400
1825,2002-05-24,3.663332939147949,290100
1826,2002-05-28,3.690000057220459,283500
1827,2002-05-29,3.6666669845581055,504300
1828,2002-05-30,3.683332920074463,616200
1829,2002-05-31,3.683332920074463,492600
1830,2002-06-03,3.683332920074463,511200
1831,2002-06-04,3.6666669845581055,827700
1832,2002-06-05,3.6666669845581055,616800
1833,2002-06-06,3.566667079925537,371400
1834,2002-06-07,3.6766669750213623,308400
1835,2002-06-10,3.683332920074463,364500
1836,2002-06-11,3.7266669273376465,881700
1837,2002-06-12,3.766666889190674,496200
1838,2002-06-13,3.613332986831665,960000
1839,2002-06-14,3.6333329677581787,677100
1840,2002-06-17,3.706666946411133,271200
1841,2002-06-18,3.700000047683716,242100
1842,2002-06-19,3.6500000953674316,438000
1843,2002-06-20,3.733333110809326,373800
1844,2002-06-21,3.6933329105377197,612600
1845,2002-06-24,3.7133328914642334,312000
1846,2002-06-25,3.700000047683716,584100
1847,2002-06-26,3.7633330821990967,685200
1848,2002-06-27,3.8333330154418945,343200
1849,2002-06-28,3.9200000762939453,1028100
1850,2002-07-01,3.9733328819274902,594900
1851,2002-07-02,3.983333110809326,385200
1852,2002-07-03,3.8299999237060547,260100
1853,2002-07-05,3.9166669845581055,262500
1854,2002-07-08,3.686666965484619,587700
1855,2002-07-09,3.683332920074463,345900
1856,2002-07-10,3.663332939147949,558000
1857,2002-07-11,3.566667079925537,397200
1858,2002-07-12,3.386667013168335,575700
1859,2002-07-15,3.2166669368743896,744300
1860,2002-07-16,3.2899999618530273,203700
1861,2002-07-17,3.413332939147949,281100
1862,2002-07-18,3.336667060852051,234600
1863,2002-07-19,3.3299999237060547,327900
1864,2002-07-22,3.359999895095825,360900
1865,2002-07-23,3.0933330059051514,515700
1866,2002-07-24,3.016666889190674,963300
1867,2002-07-25,2.8666670322418213,356400
1868,2002-07-26,2.933332920074463,138900
1869,2002-07-29,3.266666889190674,291900
1870,2002-07-30,3.126667022705078,1228500
1871,2002-07-31,3.00333309173584,546000
1872,2002-08-01,3.2366669178009033,318600
1873,2002-08-02,3.4633328914642334,486000
1874,2002-08-05,3.376667022705078,423300
1875,2002-08-06,3.3066670894622803,1179300
1876,2002-08-07,3.380000114440918,281100
1877,2002-08-08,3.3299999237060547,370800
1878,2002-08-09,3.3233330249786377,382200
1879,2002-08-12,3.2799999713897705,65100
1880,2002-08-13,3.200000047683716,345900
1881,2002-08-14,3.5733330249786377,344700
1882,2002-08-15,2.8333330154418945,5036400
1883,2002-08-16,2.8566670417785645,1623600
1884,2002-08-19,2.8333330154418945,432000
1885,2002-08-20,2.74666690826416,290700
1886,2002-08-21,2.836667060852051,507600
1887,2002-08-22,2.8333330154418945,240000
1888,2002-08-23,2.733333110809326,183300
1889,2002-08-26,2.673332929611206,441900
1890,2002-08-27,2.5899999141693115,633000
1891,2002-08-28,2.1666669845581055,1771800
1892,2002-08-29,2.4633328914642334,638100
1893,2002-08-30,2.8666670322418213,463200
1894,2002-09-03,2.4866669178009033,307500
1895,2002-09-04,2.49666690826416,454200
1896,2002-09-05,2.4433329105377197,209700
1897,2002-09-06,2.4700000286102295,257100
1898,2002-09-09,2.4066669940948486,170400
1899,2002-09-10,2.369999885559082,365100
1900,2002-09-11,2.3833329677581787,246900
1901,2002-09-12,2.2866671085357666,219900
1902,2002-09-13,2.266666889190674,137100
1903,2002-09-16,2.3433330059051514,178500
1904,2002-09-17,2.3233330249786377,824100
1905,2002-09-18,2.440000057220459,460800
1906,2002-09-19,2.4100000858306885,546300
1907,2002-09-20,2.4166669845581055,1266000
1908,2002-09-23,2.25,240900
1909,2002-09-24,2.243333101272583,140100
1910,2002-09-25,2.25,285900
1911,2002-09-26,2.313333034515381,109200
1912,2002-09-27,2.183332920074463,111600
1913,2002-09-30,2.066667079925537,567300
1914,2002-10-01,2.2866671085357666,321600
1915,2002-10-02,2.299999952316284,177300
1916,2002-10-03,2.0466670989990234,336000
1917,2002-10-04,2.049999952316284,178200
1918,2002-10-07,2.0299999713897705,237300
1919,2002-10-08,2.0399999618530273,171000
1920,2002-10-09,1.863332986831665,175800
1921,2002-10-10,1.6666669845581055,479400
1922,2002-10-11,1.7466670274734497,230700
1923,2002-10-14,1.7666670083999634,448500
1924,2002-10-15,1.963333010673523,174600
1925,2002-10-16,1.850000023841858,428100
1926,2002-10-17,1.9366669654846191,205800
1927,2002-10-18,2.2366669178009033,171600
1928,2002-10-21,2.206666946411133,111600
1929,2002-10-22,2.206666946411133,108300
1930,2002-10-23,2.3666670322418213,118200
1931,2002-10-24,2.3499999046325684,468600
1932,2002-10-25,2.25,211800
1933,2002-10-28,2.2166669368743896,131700
1934,2002-10-29,2.2166669368743896,173700
1935,2002-10-30,2.25,94200
1936,2002-10-31,2.4866669178009033,371700
1937,2002-11-01,2.6500000953674316,219000
1938,2002-11-04,2.75,242400
1939,2002-11-05,3.353332996368408,2327400
1940,2002-11-06,3.3466670513153076,894000
1941,2002-11-07,3.4700000286102295,436500
1942,2002-11-08,3.359999895095825,286800
1943,2002-11-11,3.2133328914642334,413400
1944,2002-11-12,3.200000047683716,531000
1945,2002-11-13,3.3233330249786377,598800
1946,2002-11-14,3.3499999046325684,308700
1947,2002-11-15,3.353332996368408,351300
1948,2002-11-18,3.1666669845581055,311100
1949,2002-11-19,2.983333110809326,342300
1950,2002-11-20,2.450000047683716,1194900
1951,2002-11-21,2.6666669845581055,807300
1952,2002-11-22,2.626667022705078,439200
1953,2002-11-25,2.4100000858306885,421500
1954,2002-11-26,2.3433330059051514,562800
1955,2002-11-27,2.3666670322418213,468600
1956,2002-11-29,2.4000000953674316,905400
1957,2002-12-02,2.4633328914642334,405900
1958,2002-12-03,2.3399999141693115,675000
1959,2002-12-04,2.313333034515381,331800
1960,2002-12-05,2.266666889190674,318600
1961,2002-12-06,2.240000009536743,202200
1962,2002-12-09,2.136667013168335,412500
1963,2002-12-10,2.006666898727417,1248300
1964,2002-12-11,2.00333309173584,944400
1965,2002-12-12,2.2166669368743896,306600
1966,2002-12-13,2.016666889190674,369900
1967,2002-12-16,2.3333330154418945,303900
1968,2002-12-17,2.326667070388794,358500
1969,2002-12-18,2.256666898727417,171900
1970,2002-12-19,2.303333044052124,279000
1971,2002-12-20,2.3399999141693115,551100
1972,2002-12-23,2.3333330154418945,344700
1973,2002-12-24,2.3833329677581787,657900
1974,2002-12-26,2.3299999237060547,306900
1975,2002-12-27,2.3333330154418945,262200
1976,2002-12-30,2.119999885559082,759300
1977,2002-12-31,2.1666669845581055,442800
1978,2003-01-02,2.3499999046325684,331800
1979,2003-01-03,2.243333101272583,408600
1980,2003-01-06,2.2766671180725098,208800
1981,2003-01-07,2.3066670894622803,277800
1982,2003-01-08,2.25,567300
1983,2003-01-09,2.303333044052124,532500
1984,2003-01-10,2.319999933242798,329100
1985,2003-01-13,2.3333330154418945,318300
1986,2003-01-14,2.3499999046325684,775800
1987,2003-01-15,2.1066670417785645,1667400
1988,2003-01-16,2.266666889190674,973800
1989,2003-01-17,2.1666669845581055,350400
1990,2003-01-21,2.1666669845581055,302700
1991,2003-01-22,2.2633330821990967,1234500
1992,2003-01-23,2.3433330059051514,605400
1993,2003-01-24,2.3499999046325684,780000
1994,2003-01-27,2.2833330631256104,330900
1995,2003-01-28,2.369999885559082,468900
1996,2003-01-29,2.3333330154418945,538800
1997,2003-01-30,2.3333330154418945,633000
1998,2003-01-31,2.25,626700
1999,2003-02-03,2.2699999809265137,494400
2000,2003-02-04,2.103332996368408,838800
2001,2003-02-05,2.0899999141693115,367500
2002,2003-02-06,2.066667079925537,412800
2003,2003-02-07,2.1433329582214355,959400
2004,2003-02-10,2.233333110809326,805200
2005,2003-02-11,1.7066669464111328,2546400
2006,2003-02-12,1.7300000190734863,1345500
2007,2003-02-13,1.9733330011367798,755700
2008,2003-02-14,2.0366671085357666,1343100
2009,2003-02-18,2.0,393300
2010,2003-02-19,1.9866670370101929,394200
2011,2003-02-20,1.9866670370101929,610800
2012,2003-02-21,2.00333309173584,304200
2013,2003-02-24,1.9700000286102295,339600
2014,2003-02-25,2.0,206100
2015,2003-02-26,1.8533329963684082,329100
2016,2003-02-27,1.9733330011367798,419100
2017,2003-02-28,1.9033329486846924,223500
2018,2003-03-03,2.0133330821990967,309000
2019,2003-03-04,2.0,399600
2020,2003-03-05,1.9166669845581055,345000
2021,2003-03-06,2.0266671180725098,718800
2022,2003-03-07,2.0133330821990967,485100
2023,2003-03-10,1.9533330202102661,132300
2024,2003-03-11,2.006666898727417,653700
2025,2003-03-12,2.0199999809265137,444300
2026,2003-03-13,2.0333330631256104,490500
2027,2003-03-14,2.006666898727417,378000
2028,2003-03-17,2.1333329677581787,497700
2029,2003-03-18,2.0833330154418945,389700
2030,2003-03-19,2.053333044052124,321300
2031,2003-03-20,2.016666889190674,377400
2032,2003-03-21,2.140000104904175,452100
2033,2003-03-24,2.009999990463257,267000
2034,2003-03-25,2.00333309173584,721800
2035,2003-03-26,1.940000057220459,873300
2036,2003-03-27,2.0,269100
2037,2003-03-28,1.9700000286102295,165000
2038,2003-03-31,1.9800000190734863,695700
2039,2003-04-01,2.0266671180725098,748800
2040,2003-04-02,2.049999952316284,558300
2041,2003-04-03,2.0,244500
2042,2003-04-04,1.9966670274734497,242700
2043,2003-04-07,2.0,261000
2044,2003-04-08,1.9900000095367432,93300
2045,2003-04-09,1.9166669845581055,201900
2046,2003-04-10,1.8066669702529907,308700
2047,2003-04-11,1.9433330297470093,256800
2048,2003-04-14,1.9500000476837158,185100
2049,2003-04-15,1.9800000190734863,295800
2050,2003-04-16,2.0333330631256104,248700
2051,2003-04-17,2.066667079925537,228000
2052,2003-04-21,2.053333044052124,173700
2053,2003-04-22,2.0233330726623535,293700
2054,2003-04-23,2.049999952316284,171600
2055,2003-04-24,1.9966670274734497,289800
2056,2003-04-25,2.0366671085357666,337200
2057,2003-04-28,2.2200000286102295,523800
2058,2003-04-29,2.3833329677581787,468300
2059,2003-04-30,2.316667079925537,457800
2060,2003-05-01,2.303333044052124,260700
2061,2003-05-02,2.5299999713897705,505500
2062,2003-05-05,2.6666669845581055,655200
2063,2003-05-06,2.7866671085357666,610500
2064,2003-05-07,2.636667013168335,523500
2065,2003-05-08,2.5566670894622803,398400
2066,2003-05-09,2.6533329486846924,184200
2067,2003-05-12,2.706666946411133,245400
2068,2003-05-13,2.683332920074463,419700
2069,2003-05-14,2.706666946411133,733200
2070,2003-05-15,2.8333330154418945,1179600
2071,2003-05-16,2.813333034515381,474300
2072,2003-05-19,2.7366669178009033,700800
2073,2003-05-20,2.7366669178009033,412800
2074,2003-05-21,2.7366669178009033,527400
2075,2003-05-22,2.7966670989990234,531000
2076,2003-05-23,2.8433330059051514,134400
2077,2003-05-27,2.890000104904175,361500
2078,2003-05-28,2.983333110809326,763200
2079,2003-05-29,3.0,398100
2080,2003-05-30,3.0133330821990967,443700
2081,2003-06-02,2.9700000286102295,460500
2082,2003-06-03,2.913332939147949,470700
2083,2003-06-04,2.9200000762939453,477300
2084,2003-06-05,3.190000057220459,557100
2085,2003-06-06,3.256666898727417,1705500
2086,2003-06-09,3.2166669368743896,1005600
2087,2003-06-10,3.363332986831665,533400
2088,2003-06-11,3.4000000953674316,469800
2089,2003-06-12,3.373332977294922,757200
2090,2003-06-13,3.3833329677581787,462300
2091,2003-06-16,3.413332939147949,367500
2092,2003-06-17,3.430000066757202,476700
2093,2003-06-18,3.4166669845581055,504900
2094,2003-06-19,3.3333330154418945,238800
2095,2003-06-20,3.2200000286102295,1109700
2096,2003-06-23,3.240000009536743,675900
2097,2003-06-24,3.190000057220459,785400
2098,2003-06-25,3.123332977294922,467400
2099,2003-06-26,3.1933329105377197,330000
2100,2003-06-27,3.076667070388794,446100
2101,2003-06-30,3.016666889190674,951000
2102,2003-07-01,3.076667070388794,422100
2103,2003-07-02,3.0899999141693115,382500
2104,2003-07-03,3.043333053588867,184500
2105,2003-07-07,3.0799999237060547,743400
2106,2003-07-08,3.3666670322418213,720300
2107,2003-07-09,3.2733330726623535,387600
2108,2003-07-10,3.303333044052124,369600
2109,2003-07-11,3.313333034515381,162600
2110,2003-07-14,3.336667060852051,251100
2111,2003-07-15,3.413332939147949,525000
2112,2003-07-16,3.363332986831665,246600
2113,2003-07-17,3.2266669273376465,428100
2114,2003-07-18,3.3299999237060547,248700
2115,2003-07-21,3.2133328914642334,452700
2116,2003-07-22,3.240000009536743,245400
2117,2003-07-23,3.353332996368408,127200
2118,2003-07-24,3.206666946411133,227400
2119,2003-07-25,3.3066670894622803,413100
2120,2003-07-28,3.2766671180725098,274800
2121,2003-07-29,3.25333309173584,238800
2122,2003-07-30,3.5,1133100
2123,2003-07-31,4.033332824707031,3936600
2124,2003-08-01,4.133333206176758,1480200
2125,2003-08-04,4.013332843780518,1486200
2126,2003-08-05,4.033332824707031,534300
2127,2003-08-06,3.946666955947876,561600
2128,2003-08-07,4.019999980926514,294000
2129,2003-08-08,3.9666669368743896,316200
2130,2003-08-11,3.626667022705078,2006400
2131,2003-08-12,3.8333330154418945,771900
2132,2003-08-13,3.793333053588867,367500
2133,2003-08-14,3.8333330154418945,534300
2134,2003-08-15,3.766666889190674,196800
2135,2003-08-18,3.9000000953674316,377400
2136,2003-08-19,3.913332939147949,432900
2137,2003-08-20,3.950000047683716,1053900
2138,2003-08-21,4.1666669845581055,1207800
2139,2003-08-22,4.063333034515381,912600
2140,2003-08-25,4.206666946411133,1775100
2141,2003-08-26,4.369999885559082,2638200
2142,2003-08-27,4.493332862854004,3851700
2143,2003-08-28,4.683332920074463,3268800
2144,2003-08-29,4.75333309173584,1381500
2145,2003-09-02,5.1666669845581055,3812700
2146,2003-09-03,5.1666669845581055,1956000
2147,2003-09-04,5.429999828338623,3806700
2148,2003-09-05,5.440000057220459,3221400
2149,2003-09-08,5.380000114440918,2447700
2150,2003-09-09,5.593332767486572,1653300
2151,2003-09-10,5.336667060852051,2324400
2152,2003-09-11,5.25,1243500
2153,2003-09-12,5.383333206176758,675300
2154,2003-09-15,5.369999885559082,967500
2155,2003-09-16,5.840000152587891,2182200
2156,2003-09-17,5.74666690826416,1274700
2157,2003-09-18,5.809999942779541,758700
2158,2003-09-19,5.849999904632568,1344000
2159,2003-09-22,5.626667022705078,1560300
2160,2003-09-23,5.889999866485596,2369400
2161,2003-09-24,5.7866668701171875,1269000
2162,2003-09-25,5.380000114440918,1495500
2163,2003-09-26,5.293333053588867,2106900
2164,2003-09-29,5.800000190734863,1885500
2165,2003-09-30,5.519999980926514,1070400
2166,2003-10-01,5.7266669273376465,987000
2167,2003-10-02,5.793333053588867,1245900
2168,2003-10-03,5.7266669273376465,874800
2169,2003-10-06,5.980000019073486,1819200
2170,2003-10-07,6.440000057220459,2937300
2171,2003-10-08,6.460000038146973,1385100
2172,2003-10-09,6.433332920074463,1809600
2173,2003-10-10,6.2866668701171875,971100
2174,2003-10-13,6.743332862854004,1054500
2175,2003-10-14,6.796667098999023,1029900
2176,2003-10-15,6.6533331871032715,610500
2177,2003-10-16,6.230000019073486,1255800
2178,2003-10-17,6.0,909300
2179,2003-10-20,6.1666669845581055,659700
2180,2003-10-21,6.420000076293945,699900
2181,2003-10-22,6.203332901000977,537000
2182,2003-10-23,5.986667156219482,626400
2183,2003-10-24,6.099999904632568,742500
2184,2003-10-27,6.326666831970215,614700
2185,2003-10-28,6.366666793823242,671100
2186,2003-10-29,6.553332805633545,1375800
2187,2003-10-30,6.676667213439941,1139100
2188,2003-10-31,6.616666793823242,1010700
2189,2003-11-03,6.6666669845581055,1339800
2190,2003-11-04,6.670000076293945,1135800
2191,2003-11-05,6.823332786560059,1329300
2192,2003-11-06,6.733333110809326,904800
2193,2003-11-07,6.6666669845581055,826200
2194,2003-11-10,6.5,559500
2195,2003-11-11,6.686666965484619,978600
2196,2003-11-12,6.599999904632568,1099800
2197,2003-11-13,6.650000095367432,679200
2198,2003-11-14,6.633333206176758,1080000
2199,2003-11-17,6.163332939147949,1430400
2200,2003-11-18,6.056666851043701,1401600
2201,2003-11-19,6.116666793823242,1273800
2202,2003-11-20,5.99666690826416,1141200
2203,2003-11-21,6.136666774749756,785100
2204,2003-11-24,6.489999771118164,850500
2205,2003-11-25,6.443333148956299,1095300
2206,2003-11-26,6.5,885600
2207,2003-11-28,6.566667079925537,413400
2208,2003-12-01,6.6666669845581055,794100
2209,2003-12-02,6.613333225250244,1119300
2210,2003-12-03,6.733333110809326,1294800
2211,2003-12-04,6.716667175292969,918000
2212,2003-12-05,6.576666831970215,691200
2213,2003-12-08,6.650000095367432,930300
2214,2003-12-09,6.433332920074463,499800
2215,2003-12-10,6.426667213439941,458700
2216,2003-12-11,6.730000019073486,668400
2217,2003-12-12,7.063333034515381,2322900
2218,2003-12-15,6.646667003631592,915600
2219,2003-12-16,6.849999904632568,1149600
2220,2003-12-17,6.989999771118164,635400
2221,2003-12-18,6.8933329582214355,1281000
2222,2003-12-19,7.076666831970215,747900
2223,2003-12-22,7.206666946411133,712800
2224,2003-12-23,7.186666965484619,334500
2225,2003-12-24,7.176667213439941,244800
2226,2003-12-26,7.066667079925537,209400
2227,2003-12-29,7.599999904632568,1355100
2228,2003-12-30,7.47333288192749,643800
2229,2003-12-31,7.423333168029785,874800
2230,2004-01-02,7.533332824707031,453000
2231,2004-01-05,7.650000095367432,1400400
2232,2004-01-06,7.9766669273376465,1146900
2233,2004-01-07,8.180000305175781,2063100
2234,2004-01-08,8.113332748413086,804900
2235,2004-01-09,7.566667079925537,1030800
2236,2004-01-12,7.873332977294922,991500
2237,2004-01-13,7.6666669845581055,780900
2238,2004-01-14,7.706666946411133,743400
2239,2004-01-15,7.616666793823242,1275000
2240,2004-01-16,7.396667003631592,612300
2241,2004-01-20,7.366666793823242,1851900
2242,2004-01-21,7.429999828338623,751500
2243,2004-01-22,7.159999847412109,1047900
2244,2004-01-23,7.420000076293945,750300
2245,2004-01-26,7.316667079925537,567600
2246,2004-01-27,6.9633331298828125,989100
2247,2004-01-28,7.466667175292969,2969400
2248,2004-01-29,7.7266669273376465,1282500
2249,2004-01-30,7.483333110809326,1010400
2250,2004-02-02,7.190000057220459,1086900
2251,2004-02-03,7.373332977294922,711900
2252,2004-02-04,6.803332805633545,764100
2253,2004-02-05,6.733333110809326,493500
2254,2004-02-06,7.066667079925537,763500
2255,2004-02-09,7.309999942779541,930000
2256,2004-02-10,7.066667079925537,829500
2257,2004-02-11,7.239999771118164,378300
2258,2004-02-12,7.21999979019165,584700
2259,2004-02-13,7.056666851043701,524100
2260,2004-02-17,7.22333288192749,483300
2261,2004-02-18,6.980000019073486,250800
2262,2004-02-19,6.9033331871032715,644400
2263,2004-02-20,6.389999866485596,1325400
2264,2004-02-23,6.489999771118164,1757100
2265,2004-02-24,6.553332805633545,1026900
2266,2004-02-25,6.179999828338623,1687800
2267,2004-02-26,6.113333225250244,1875900
2268,2004-02-27,5.99666690826416,2001900
2269,2004-03-01,6.183332920074463,1641900
2270,2004-03-02,6.013332843780518,1118400
2271,2004-03-03,6.199999809265137,1416300
2272,2004-03-04,6.2266669273376465,631500
2273,2004-03-05,6.6066670417785645,1302900
2274,2004-03-08,6.533332824707031,1614300
2275,2004-03-09,6.5833330154418945,891000
2276,2004-03-10,6.550000190734863,753900
2277,2004-03-11,6.460000038146973,791700
2278,2004-03-12,6.5966668128967285,640200
2279,2004-03-15,6.316667079925537,619800
2280,2004-03-16,6.1533331871032715,495600
2281,2004-03-17,6.383333206176758,566100
2282,2004-03-18,6.396667003631592,420600
2283,2004-03-19,6.413332939147949,752100
2284,2004-03-22,6.1666669845581055,625500
2285,2004-03-23,6.426667213439941,1083300
2286,2004-03-24,6.460000038146973,530400
2287,2004-03-25,6.823332786560059,843900
2288,2004-03-26,7.03000020980835,894300
2289,2004-03-29,7.320000171661377,1261200
2290,2004-03-30,7.703332901000977,1533600
2291,2004-03-31,7.7133331298828125,913800
2292,2004-04-01,7.863333225250244,728400
2293,2004-04-02,7.906667232513428,1171500
2294,2004-04-05,7.869999885559082,1303800
2295,2004-04-06,7.613333225250244,459600
2296,2004-04-07,7.639999866485596,352200
2297,2004-04-08,7.616666793823242,409500
2298,2004-04-12,7.513332843780518,678300
2299,2004-04-13,8.24666690826416,4522800
2300,2004-04-14,7.849999904632568,1773900
2301,2004-04-15,7.483333110809326,1339800
2302,2004-04-16,7.570000171661377,895500
2303,2004-04-19,7.663332939147949,473100
2304,2004-04-20,7.409999847412109,960600
2305,2004-04-21,7.633333206176758,818400
2306,2004-04-22,7.546667098999023,786000
2307,2004-04-23,7.8333330154418945,1093500
2308,2004-04-26,7.820000171661377,1210500
2309,2004-04-27,7.603332996368408,943500
2310,2004-04-28,7.650000095367432,1014000
2311,2004-04-29,7.3333330154418945,864000
2312,2004-04-30,7.076666831970215,803400
2313,2004-05-03,7.093332767486572,1292100
2314,2004-05-04,7.2133331298828125,591900
2315,2004-05-05,7.566667079925537,1582200
2316,2004-05-06,7.353332996368408,909300
2317,2004-05-07,7.156667232513428,550200
2318,2004-05-10,7.139999866485596,666300
2319,2004-05-11,7.216667175292969,759000
2320,2004-05-12,7.173333168029785,792000
2321,2004-05-13,7.086667060852051,783300
2322,2004-05-14,6.74666690826416,1128600
2323,2004-05-17,6.156667232513428,2208300
2324,2004-05-18,6.353332996368408,1660200
2325,2004-05-19,6.296667098999023,851100
2326,2004-05-20,6.336667060852051,439500
2327,2004-05-21,6.510000228881836,497700
2328,2004-05-24,6.556666851043701,339300
2329,2004-05-25,6.6433329582214355,493500
2330,2004-05-26,6.75,643200
2331,2004-05-27,6.566667079925537,981600
2332,2004-05-28,6.289999961853027,2137500
2333,2004-06-01,6.373332977294922,1555200
2334,2004-06-02,6.5833330154418945,1095000
2335,2004-06-03,6.440000057220459,1235700
2336,2004-06-04,6.506667137145996,481500
2337,2004-06-07,6.760000228881836,586200
2338,2004-06-08,6.826666831970215,615900
2339,2004-06-09,6.783332824707031,734700
2340,2004-06-10,6.849999904632568,532800
2341,2004-06-14,6.599999904632568,790500
2342,2004-06-15,6.836667060852051,578700
2343,2004-06-16,6.876667022705078,476100
2344,2004-06-17,6.72333288192749,449100
2345,2004-06-18,6.7866668701171875,809100
2346,2004-06-21,6.670000076293945,561900
2347,2004-06-22,6.739999771118164,1087500
2348,2004-06-23,6.836667060852051,544500
2349,2004-06-24,6.820000171661377,363900
2350,2004-06-25,6.900000095367432,719100
2351,2004-06-28,6.99666690826416,474600
2352,2004-06-29,7.1533331871032715,491700
2353,2004-06-30,7.176667213439941,571500
2354,2004-07-01,6.8466668128967285,506700
2355,2004-07-02,6.956666946411133,432900
2356,2004-07-06,6.699999809265137,1572300
2357,2004-07-07,6.436666965484619,668100
2358,2004-07-08,6.269999980926514,421200
2359,2004-07-09,6.360000133514404,299100
2360,2004-07-12,6.326666831970215,403200
2361,2004-07-13,6.289999961853027,756300
2362,2004-07-14,6.316667079925537,362700
2363,2004-07-15,6.483333110809326,600000
2364,2004-07-16,6.186666965484619,346500
2365,2004-07-19,6.340000152587891,331800
2366,2004-07-20,6.676667213439941,612300
2367,2004-07-21,6.303332805633545,508800
2368,2004-07-22,6.093332767486572,684000
2369,2004-07-23,5.880000114440918,606600
2370,2004-07-26,5.646667003631592,740400
2371,2004-07-27,5.793333053588867,707400
2372,2004-07-28,5.706666946411133,855600
2373,2004-07-29,5.733333110809326,526200
2374,2004-07-30,5.699999809265137,427500
2375,2004-08-02,5.613333225250244,627600
2376,2004-08-03,5.423333168029785,630900
2377,2004-08-04,5.230000019073486,1253100
2378,2004-08-05,5.150000095367432,615600
2379,2004-08-06,4.960000038146973,549600
2380,2004-08-09,4.920000076293945,612900
2381,2004-08-10,5.0966668128967285,602700
2382,2004-08-11,5.076666831970215,1025400
2383,2004-08-12,5.0,910200
2384,2004-08-13,4.953332901000977,508200
2385,2004-08-16,5.033332824707031,550200
2386,2004-08-17,5.0833330154418945,526200
2387,2004-08-18,5.269999980926514,713400
2388,2004-08-19,5.176667213439941,849900
2389,2004-08-20,5.289999961853027,374100
2390,2004-08-23,5.25,539400
2391,2004-08-24,5.313333034515381,1212900
2392,2004-08-25,5.389999866485596,457200
2393,2004-08-26,5.3933329582214355,636000
2394,2004-08-27,5.489999771118164,871200
2395,2004-08-30,5.47333288192749,577200
2396,2004-08-31,5.679999828338623,1949100
2397,2004-09-01,5.853332996368408,1274100
2398,2004-09-02,6.006667137145996,1417200
2399,2004-09-03,6.0,492900
2400,2004-09-07,5.849999904632568,1740600
2401,2004-09-08,5.699999809265137,760800
2402,2004-09-09,5.869999885559082,2187600
2403,2004-09-10,6.309999942779541,1671000
2404,2004-09-13,6.173333168029785,525300
2405,2004-09-14,6.123332977294922,517800
2406,2004-09-15,6.050000190734863,648000
2407,2004-09-16,6.016666889190674,726000
2408,2004-09-17,5.9766669273376465,954300
2409,2004-09-20,5.8933329582214355,534900
2410,2004-09-21,6.013332843780518,620100
2411,2004-09-22,5.849999904632568,437700
2412,2004-09-23,5.826666831970215,442200
2413,2004-09-24,5.739999771118164,254100
2414,2004-09-27,5.75,971400
2415,2004-09-28,5.966667175292969,752700
2416,2004-09-29,6.163332939147949,1070700
2417,2004-09-30,6.196667194366455,607500
2418,2004-10-01,6.293333053588867,695100
2419,2004-10-04,6.099999904632568,2531700
2420,2004-10-05,6.013332843780518,834900
2421,2004-10-06,6.079999923706055,741600
2422,2004-10-07,5.873332977294922,364800
2423,2004-10-08,5.683332920074463,1007100
2424,2004-10-11,5.813333034515381,588300
2425,2004-10-12,5.760000228881836,225300
2426,2004-10-13,5.650000095367432,432600
2427,2004-10-14,5.626667022705078,759900
2428,2004-10-15,5.636666774749756,587100
2429,2004-10-18,5.716667175292969,422100
2430,2004-10-19,5.690000057220459,372300
2431,2004-10-20,5.699999809265137,252600
2432,2004-10-21,5.796667098999023,281400
2433,2004-10-22,5.579999923706055,670800
2434,2004-10-25,5.616666793823242,863400
2435,2004-10-26,5.586667060852051,616500
2436,2004-10-27,5.453332901000977,4165200
2437,2004-10-28,5.5,724200
2438,2004-10-29,5.466667175292969,780600
2439,2004-11-01,5.466667175292969,524700
2440,2004-11-02,5.49666690826416,788100
2441,2004-11-03,5.696667194366455,1472100
2442,2004-11-04,5.813333034515381,1225800
2443,2004-11-05,5.929999828338623,1108200
2444,2004-11-08,5.946667194366455,2088300
2445,2004-11-09,5.883333206176758,1050900
2446,2004-11-10,5.929999828338623,699300
2447,2004-11-11,6.236667156219482,1050600
2448,2004-11-12,6.3333330154418945,1050600
2449,2004-11-15,6.413332939147949,1181700
2450,2004-11-16,6.47333288192749,868200
2451,2004-11-17,6.466667175292969,871800
2452,2004-11-18,6.3333330154418945,834600
2453,2004-11-19,6.116666793823242,683400
2454,2004-11-22,6.093332767486572,1113300
2455,2004-11-23,6.2266669273376465,871800
2456,2004-11-24,6.453332901000977,1708500
2457,2004-11-26,6.4033331871032715,189600
2458,2004-11-29,6.483333110809326,837000
2459,2004-11-30,6.840000152587891,2358600
2460,2004-12-01,6.956666946411133,851100
2461,2004-12-02,7.019999980926514,1600800
2462,2004-12-03,7.059999942779541,865500
2463,2004-12-06,6.8466668128967285,970200
2464,2004-12-07,6.586667060852051,660000
2465,2004-12-08,6.590000152587891,529800
2466,2004-12-09,6.52666711807251,843600
2467,2004-12-10,6.486667156219482,644400
2468,2004-12-13,6.6066670417785645,1329900
2469,2004-12-14,6.619999885559082,552600
2470,2004-12-15,6.883333206176758,1113600
2471,2004-12-16,6.99666690826416,1287300
2472,2004-12-17,6.953332901000977,846900
2473,2004-12-20,6.943333148956299,1197600
2474,2004-12-21,6.983333110809326,728100
2475,2004-12-22,6.940000057220459,359700
2476,2004-12-23,6.836667060852051,693900
2477,2004-12-27,6.686666965484619,623400
2478,2004-12-28,6.766666889190674,535800
2479,2004-12-29,6.673333168029785,355200
2480,2004-12-30,6.676667213439941,452400
2481,2004-12-31,6.616666793823242,772800
2482,2005-01-03,6.510000228881836,886800
2483,2005-01-04,6.183332920074463,1296000
2484,2005-01-05,6.093332767486572,969900
2485,2005-01-06,6.170000076293945,771900
2486,2005-01-07,6.02666711807251,1071000
2487,2005-01-10,6.033332824707031,621300
2488,2005-01-11,5.983333110809326,456300
2489,2005-01-12,6.010000228881836,2892600
2490,2005-01-13,6.033332824707031,825300
2491,2005-01-14,6.066667079925537,516000
2492,2005-01-18,6.206666946411133,483900
2493,2005-01-19,6.070000171661377,513600
2494,2005-01-20,5.9766669273376465,713700
2495,2005-01-21,5.949999809265137,819300
2496,2005-01-24,5.926667213439941,487500
2497,2005-01-25,5.993332862854004,277500
2498,2005-01-26,7.1666669845581055,3607200
2499,2005-01-27,6.820000171661377,2366100
2500,2005-01-28,6.9766669273376465,1368000
2501,2005-01-31,7.079999923706055,852000
2502,2005-02-01,7.266666889190674,1077000
2503,2005-02-02,7.293333053588867,810900
2504,2005-02-03,7.119999885559082,643800
2505,2005-02-04,7.133333206176758,800400
2506,2005-02-07,7.309999942779541,1303200
2507,2005-02-08,7.433332920074463,1288500
2508,2005-02-09,7.1066670417785645,1014600
2509,2005-02-10,7.0966668128967285,642600
2510,2005-02-11,7.173333168029785,709200
2511,2005-02-14,7.829999923706055,4341900
2512,2005-02-15,7.769999980926514,1748100
2513,2005-02-16,7.736667156219482,1681500
2514,2005-02-17,7.7866668701171875,1453500
2515,2005-02-18,7.690000057220459,861300
2516,2005-02-22,7.6666669845581055,1152000
2517,2005-02-23,7.5833330154418945,602700
2518,2005-02-24,7.699999809265137,762900
2519,2005-02-25,7.820000171661377,609300
2520,2005-02-28,7.793333053588867,738300
2521,2005-03-01,7.889999866485596,937800
2522,2005-03-02,7.793333053588867,703800
2523,2005-03-03,7.836667060852051,674700
2524,2005-03-04,7.690000057220459,1188600
2525,2005-03-07,7.679999828338623,769800
2526,2005-03-08,7.550000190734863,733500
2527,2005-03-09,7.460000038146973,718200
2528,2005-03-10,7.420000076293945,827700
2529,2005-03-11,7.576666831970215,833100
2530,2005-03-14,7.6066670417785645,1153500
2531,2005-03-15,7.646667003631592,570900
2532,2005-03-16,7.6066670417785645,1036800
2533,2005-03-17,7.656667232513428,570000
2534,2005-03-18,7.570000171661377,1091100
2535,2005-03-21,7.789999961853027,921000
2536,2005-03-22,7.703332901000977,1276200
2537,2005-03-23,7.659999847412109,369300
2538,2005-03-24,7.576666831970215,487500
2539,2005-03-28,7.693333148956299,667800
2540,2005-03-29,7.616666793823242,831300
2541,2005-03-30,7.706666946411133,568200
2542,2005-03-31,7.716667175292969,866400
2543,2005-04-01,7.626667022705078,732300
2544,2005-04-04,7.716667175292969,609300
2545,2005-04-05,7.743332862854004,498600
2546,2005-04-06,7.633333206176758,494700
2547,2005-04-07,7.659999847412109,715200
2548,2005-04-08,7.46999979019165,1025400
2549,2005-04-11,7.386666774749756,825000
2550,2005-04-12,7.4633331298828125,988200
2551,2005-04-13,7.260000228881836,751500
2552,2005-04-14,7.123332977294922,554400
2553,2005-04-15,6.96999979019165,396600
2554,2005-04-18,7.02666711807251,466200
2555,2005-04-19,7.1066670417785645,771600
2556,2005-04-20,7.066667079925537,576600
2557,2005-04-21,7.340000152587891,519900
2558,2005-04-22,7.239999771118164,481800
2559,2005-04-25,7.123332977294922,632100
2560,2005-04-26,6.77666711807251,923100
2561,2005-04-27,7.046667098999023,2637900
2562,2005-04-28,6.923333168029785,1300800
2563,2005-04-29,6.909999847412109,1198500
2564,2005-05-02,7.070000171661377,1317900
2565,2005-05-03,7.2133331298828125,678000
2566,2005-05-04,7.293333053588867,766200
2567,2005-05-05,7.360000133514404,710400
2568,2005-05-06,7.25,741300
2569,2005-05-09,7.426667213439941,1171800
2570,2005-05-10,7.266666889190674,872400
2571,2005-05-11,7.326666831970215,444000
2572,2005-05-12,7.230000019073486,788100
2573,2005-05-13,7.206666946411133,1100700
2574,2005-05-16,7.296667098999023,1244100
2575,2005-05-17,7.256667137145996,779100
2576,2005-05-18,7.373332977294922,918900
2577,2005-05-19,7.493332862854004,825600
2578,2005-05-20,7.5,561900
2579,2005-05-23,7.550000190734863,642900
2580,2005-05-24,7.659999847412109,444300
2581,2005-05-25,7.6066670417785645,546600
2582,2005-05-26,7.663332939147949,527100
2583,2005-05-27,7.5966668128967285,458700
2584,2005-05-31,7.593332767486572,589500
2585,2005-06-01,7.686666965484619,528300
2586,2005-06-02,7.683332920074463,336900
2587,2005-06-03,7.663332939147949,560400
2588,2005-06-06,7.690000057220459,483600
2589,2005-06-07,7.686666965484619,628200
2590,2005-06-08,7.656667232513428,379200
2591,2005-06-09,7.760000228881836,517800
2592,2005-06-10,7.739999771118164,345300
2593,2005-06-13,7.863333225250244,366600
2594,2005-06-14,7.869999885559082,313200
2595,2005-06-15,8.026666641235352,957900
2596,2005-06-16,8.146666526794434,662700
2597,2005-06-17,8.010000228881836,1238100
2598,2005-06-20,7.940000057220459,292800
2599,2005-06-21,8.016667366027832,299400
2600,2005-06-22,8.136667251586914,294900
2601,2005-06-23,7.933332920074463,354900
2602,2005-06-24,7.8333330154418945,606000
2603,2005-06-27,7.7133331298828125,357900
2604,2005-06-28,7.896667003631592,459900
2605,2005-06-29,7.989999771118164,336900
2606,2005-06-30,8.210000038146973,1126500
2607,2005-07-01,8.273332595825195,933600
2608,2005-07-05,8.393333435058594,686700
2609,2005-07-06,8.276666641235352,1184700
2610,2005-07-07,8.25,561000
2611,2005-07-08,8.576666831970215,653400
2612,2005-07-11,8.956666946411133,579900
2613,2005-07-12,8.893333435058594,689700
2614,2005-07-13,8.813332557678223,682500
2615,2005-07-14,8.760000228881836,442500
2616,2005-07-15,8.853333473205566,788700
2617,2005-07-18,8.773332595825195,301800
2618,2005-07-19,8.953332901000977,659100
2619,2005-07-20,8.986666679382324,561300
2620,2005-07-21,8.710000038146973,564000
2621,2005-07-22,8.84000015258789,553800
2622,2005-07-25,8.680000305175781,686700
2623,2005-07-26,8.550000190734863,750900
2624,2005-07-27,9.103333473205566,1161600
2625,2005-07-28,9.063332557678223,571800
2626,2005-07-29,8.916666984558105,402600
2627,2005-08-01,8.80666732788086,587700
2628,2005-08-02,8.74666690826416,586800
2629,2005-08-03,8.800000190734863,749700
2630,2005-08-04,8.41333293914795,547200
2631,2005-08-05,8.416666984558105,369600
2632,2005-08-08,8.460000038146973,362400
2633,2005-08-09,8.543333053588867,424500
2634,2005-08-10,8.399999618530273,391500
2635,2005-08-11,8.74666690826416,412200
2636,2005-08-12,8.619999885559082,393600
2637,2005-08-15,8.83666706085205,531000
2638,2005-08-16,8.50333309173584,447900
2639,2005-08-17,8.5,223800
2640,2005-08-18,8.236666679382324,544200
2641,2005-08-19,8.266667366027832,590700
2642,2005-08-22,8.533332824707031,482400
2643,2005-08-23,8.529999732971191,537000
2644,2005-08-24,8.766667366027832,673200
2645,2005-08-25,8.813332557678223,420900
2646,2005-08-26,8.536666870117188,564600
2647,2005-08-29,8.8100004196167,467400
2648,2005-08-30,8.69333267211914,481800
2649,2005-08-31,8.926667213439941,444600
2650,2005-09-01,9.19333267211914,1229400
2651,2005-09-02,9.196666717529297,1308900
2652,2005-09-06,9.353333473205566,1083900
2653,2005-09-07,9.426667213439941,611400
2654,2005-09-08,9.416666984558105,523200
2655,2005-09-09,9.333333015441895,624600
2656,2005-09-12,9.573332786560059,839700
2657,2005-09-13,9.423333168029785,515100
2658,2005-09-14,9.313332557678223,352800
2659,2005-09-15,9.229999542236328,275700
2660,2005-09-16,9.390000343322754,1613100
2661,2005-09-19,9.170000076293945,339900
2662,2005-09-20,9.09000015258789,395100
2663,2005-09-21,8.989999771118164,578700
2664,2005-09-22,9.123332977294922,525600
2665,2005-09-23,9.123332977294922,505500
2666,2005-09-26,9.083333015441895,635700
2667,2005-09-27,8.986666679382324,613800
2668,2005-09-28,9.010000228881836,919200
2669,2005-09-29,9.229999542236328,564900
2670,2005-09-30,9.283332824707031,403200
2671,2005-10-03,9.213333129882812,411300
2672,2005-10-04,9.133333206176758,504600
2673,2005-10-05,8.720000267028809,481800
2674,2005-10-06,8.933333396911621,599700
2675,2005-10-07,9.103333473205566,381900
2676,2005-10-10,9.326666831970215,1079700
2677,2005-10-11,9.456666946411133,1349700
2678,2005-10-12,9.300000190734863,898500
2679,2005-10-13,9.33666706085205,982500
2680,2005-10-14,9.736666679382324,1145700
2681,2005-10-17,9.90999984741211,1372800
2682,2005-10-18,9.736666679382324,787200
2683,2005-10-19,9.91333293914795,804600
2684,2005-10-20,9.903332710266113,607200
2685,2005-10-21,9.626667022705078,754500
2686,2005-10-24,9.773332595825195,1131300
2687,2005-10-25,9.699999809265137,833700
2688,2005-10-26,9.486666679382324,1208400
2689,2005-10-27,8.319999694824219,3470100
2690,2005-10-28,8.539999961853027,1148700
2691,2005-10-31,9.00333309173584,1057500
2692,2005-11-01,8.856666564941406,658500
2693,2005-11-02,9.183333396911621,866700
2694,2005-11-03,9.09000015258789,782700
2695,2005-11-04,9.020000457763672,543000
2696,2005-11-07,8.989999771118164,679500
2697,2005-11-08,9.113332748413086,510900
2698,2005-11-09,9.233332633972168,925200
2699,2005-11-10,9.30666732788086,423300
2700,2005-11-11,9.19333267211914,290400
2701,2005-11-14,9.123332977294922,452100
2702,2005-11-15,8.643333435058594,759300
2703,2005-11-16,8.789999961853027,600300
2704,2005-11-17,8.736666679382324,662100
2705,2005-11-18,8.920000076293945,374100
2706,2005-11-21,9.323332786560059,749100
2707,2005-11-22,9.319999694824219,429300
2708,2005-11-23,9.289999961853027,260100
2709,2005-11-25,9.303333282470703,110700
2710,2005-11-28,9.140000343322754,395700
2711,2005-11-29,9.24666690826416,504900
2712,2005-11-30,9.699999809265137,1376100
2713,2005-12-01,9.863332748413086,993600
2714,2005-12-02,9.873332977294922,748800
2715,2005-12-05,10.113332748413086,1492800
2716,2005-12-06,10.15999984741211,2022600
2717,2005-12-07,9.956666946411133,1174200
2718,2005-12-08,9.9399995803833,594600
2719,2005-12-09,10.033332824707031,703200
2720,2005-12-12,9.986666679382324,744000
2721,2005-12-13,9.949999809265137,840300
2722,2005-12-14,9.920000076293945,572400
2723,2005-12-15,9.723333358764648,1044600
2724,2005-12-16,9.880000114440918,1369200
2725,2005-12-19,9.65999984741211,656100
2726,2005-12-20,9.630000114440918,567000
2727,2005-12-21,9.736666679382324,559800
2728,2005-12-22,9.763333320617676,540000
2729,2005-12-23,9.896666526794434,266700
2730,2005-12-27,9.743332862854004,762600
2731,2005-12-28,9.710000038146973,889200
2732,2005-12-29,9.680000305175781,729000
2733,2005-12-30,9.596667289733887,708000
2734,2006-01-03,9.6899995803833,750300
2735,2006-01-04,9.6899995803833,506700
2736,2006-01-05,10.15999984741211,1017300
2737,2006-01-06,10.359999656677246,751800
2738,2006-01-09,10.473333358764648,861900
2739,2006-01-10,10.596667289733887,967800
2740,2006-01-11,10.536666870117188,1006200
2741,2006-01-12,10.41333293914795,652800
2742,2006-01-13,10.383333206176758,659400
2743,2006-01-17,10.436667442321777,826800
2744,2006-01-18,10.666666984558105,755700
2745,2006-01-19,10.926667213439941,832500
2746,2006-01-20,10.833333015441895,647400
2747,2006-01-23,10.946666717529297,389700
2748,2006-01-24,11.123332977294922,377400
2749,2006-01-25,10.993332862854004,658800
2750,2006-01-26,11.079999923706055,402600
2751,2006-01-27,11.069999694824219,391200
2752,2006-01-30,10.926667213439941,555900
2753,2006-01-31,10.99666690826416,1109100
2754,2006-02-01,10.970000267028809,1404300
2755,2006-02-02,10.859999656677246,822000
2756,2006-02-03,10.74666690826416,987600
2757,2006-02-06,10.933333396911621,689700
2758,2006-02-07,10.863332748413086,1083900
2759,2006-02-08,10.720000267028809,401100
2760,2006-02-09,10.720000267028809,984300
2761,2006-02-10,10.55666732788086,736500
2762,2006-02-13,10.220000267028809,1097700
2763,2006-02-14,10.229999542236328,826200
2764,2006-02-15,10.279999732971191,1722000
2765,2006-02-16,10.433333396911621,952500
2766,2006-02-17,10.256667137145996,615000
2767,2006-02-21,9.916666984558105,748500
2768,2006-02-22,9.91333293914795,971700
2769,2006-02-23,10.34333324432373,1826700
2770,2006-02-24,10.813332557678223,1392300
2771,2006-02-27,11.00333309173584,1176000
2772,2006-02-28,11.119999885559082,1578600
2773,2006-03-01,11.34333324432373,1859700
2774,2006-03-02,11.063332557678223,1270500
2775,2006-03-03,11.119999885559082,588900
2776,2006-03-06,10.873332977294922,1200300
2777,2006-03-07,10.649999618530273,633600
2778,2006-03-08,10.433333396911621,979500
2779,2006-03-09,10.283332824707031,522900
2780,2006-03-10,10.420000076293945,606300
2781,2006-03-13,10.319999694824219,468300
2782,2006-03-14,10.433333396911621,404400
2783,2006-03-15,10.446666717529297,748200
2784,2006-03-16,10.470000267028809,401400
2785,2006-03-17,10.323332786560059,1379400
2786,2006-03-20,10.303333282470703,531000
2787,2006-03-21,10.140000343322754,604800
2788,2006-03-22,10.229999542236328,411900
2789,2006-03-23,10.206666946411133,249900
2790,2006-03-24,10.770000457763672,1176900
2791,2006-03-27,10.613332748413086,912600
2792,2006-03-28,10.456666946411133,603900
2793,2006-03-29,10.34333324432373,670500
2794,2006-03-30,10.366666793823242,1140300
2795,2006-03-31,10.403332710266113,1107600
2796,2006-04-03,10.143333435058594,317100
2797,2006-04-04,10.24666690826416,629400
2798,2006-04-05,10.970000267028809,1636500
2799,2006-04-06,10.779999732971191,573600
2800,2006-04-07,10.710000038146973,764400
2801,2006-04-10,10.84333324432373,603600
2802,2006-04-11,10.91333293914795,975600
2803,2006-04-12,11.00333309173584,822000
2804,2006-04-13,10.963333129882812,601800
2805,2006-04-17,11.363332748413086,1765200
2806,2006-04-18,11.829999923706055,1451700
2807,2006-04-19,11.819999694824219,1300800
2808,2006-04-20,11.786666870117188,519900
2809,2006-04-21,12.0,1491600
2810,2006-04-24,11.770000457763672,720900
2811,2006-04-25,11.760000228881836,768600
2812,2006-04-26,13.0600004196167,3693000
2813,2006-04-27,13.313332557678223,1429200
2814,2006-04-28,13.313332557678223,994800
2815,2006-05-01,13.260000228881836,1173000
2816,2006-05-02,13.653332710266113,1151400
2817,2006-05-03,13.850000381469727,750300
2818,2006-05-04,14.010000228881836,661500
2819,2006-05-05,14.236666679382324,910200
2820,2006-05-08,14.023332595825195,953700
2821,2006-05-09,13.983332633972168,751500
2822,2006-05-10,13.916666984558105,759600
2823,2006-05-11,13.5,965700
2824,2006-05-12,13.643333435058594,1055400
2825,2006-05-15,13.713333129882812,1013700
2826,2006-05-16,13.513333320617676,882900
2827,2006-05-17,12.986666679382324,1172100
2828,2006-05-18,12.903332710266113,816300
2829,2006-05-19,12.896666526794434,848100
2830,2006-05-22,12.606666564941406,1182900
2831,2006-05-23,12.683333396911621,652800
2832,2006-05-24,12.473333358764648,1494600
2833,2006-05-25,13.0,1273200
2834,2006-05-26,13.100000381469727,639900
2835,2006-05-30,12.993332862854004,1171200
2836,2006-05-31,13.020000457763672,727800
2837,2006-06-01,13.80666732788086,833700
2838,2006-06-02,13.723333358764648,698100
2839,2006-06-05,13.33666706085205,1034100
2840,2006-06-06,13.393333435058594,744900
2841,2006-06-07,13.380000114440918,862200
2842,2006-06-08,13.5,1992600
2843,2006-06-09,13.050000190734863,846600
2844,2006-06-12,12.670000076293945,750300
2845,2006-06-13,12.416666984558105,1332000
2846,2006-06-14,12.479999542236328,797700
2847,2006-06-15,13.183333396911621,1431600
2848,2006-06-16,13.023332595825195,2239800
2849,2006-06-19,12.783332824707031,741300
2850,2006-06-20,12.676667213439941,522300
2851,2006-06-21,13.266667366027832,848700
2852,2006-06-22,13.0600004196167,663300
2853,2006-06-23,12.963333129882812,527400
2854,2006-06-26,13.313332557678223,561300
2855,2006-06-27,13.100000381469727,827100
2856,2006-06-28,13.15999984741211,601500
2857,2006-06-29,13.646666526794434,843900
2858,2006-06-30,13.896666526794434,918900
2859,2006-07-03,14.066666603088379,326400
2860,2006-07-05,13.800000190734863,799800
2861,2006-07-06,13.779999732971191,474300
2862,2006-07-07,13.583333015441895,389700
2863,2006-07-10,13.103333473205566,553500
2864,2006-07-11,13.319999694824219,580200
2865,2006-07-12,12.99666690826416,672000
2866,2006-07-13,12.363332748413086,1613700
2867,2006-07-14,12.383333206176758,523200
2868,2006-07-17,12.226667404174805,270600
2869,2006-07-18,12.09333324432373,813300
2870,2006-07-19,12.24666690826416,1223700
2871,2006-07-20,11.643333435058594,1719300
2872,2006-07-21,11.103333473205566,2141700
2873,2006-07-24,11.05666732788086,1621800
2874,2006-07-25,10.373332977294922,3500700
2875,2006-07-26,11.829999923706055,5173500
2876,2006-07-27,11.463333129882812,1686000
2877,2006-07-28,11.970000267028809,1256400
2878,2006-07-31,12.34000015258789,1669200
2879,2006-08-01,12.116666793823242,1458300
2880,2006-08-02,12.25333309173584,1360200
2881,2006-08-03,12.546667098999023,1446600
2882,2006-08-04,12.020000457763672,951000
2883,2006-08-07,11.880000114440918,565500
2884,2006-08-08,11.579999923706055,1170600
2885,2006-08-09,11.770000457763672,1070100
2886,2006-08-10,11.569999694824219,843000
2887,2006-08-11,11.366666793823242,585000
2888,2006-08-14,11.466667175292969,462600
2889,2006-08-15,11.873332977294922,543000
2890,2006-08-16,11.826666831970215,405300
2891,2006-08-17,11.846667289733887,440100
2892,2006-08-18,11.776666641235352,351600
2893,2006-08-21,11.463333129882812,292500
2894,2006-08-22,11.446666717529297,462900
2895,2006-08-23,11.149999618530273,505500
2896,2006-08-24,11.33666706085205,514200
2897,2006-08-25,11.260000228881836,415800
2898,2006-08-28,11.59000015258789,371700
2899,2006-08-29,11.329999923706055,1220700
2900,2006-08-30,11.076666831970215,948600
2901,2006-08-31,11.05666732788086,504000
2902,2006-09-01,11.096667289733887,286800
2903,2006-09-05,11.066666603088379,550500
2904,2006-09-06,10.826666831970215,777600
2905,2006-09-07,10.553333282470703,859500
2906,2006-09-08,10.646666526794434,612600
2907,2006-09-11,10.760000228881836,439200
2908,2006-09-12,11.0,784800
2909,2006-09-13,10.953332901000977,550800
2910,2006-09-14,10.770000457763672,604500
2911,2006-09-15,10.710000038146973,1163400
2912,2006-09-18,10.916666984558105,644100
2913,2006-09-19,11.34333324432373,1611600
2914,2006-09-20,11.463333129882812,1135500
2915,2006-09-21,11.369999885559082,803400
2916,2006-09-22,11.239999771118164,882900
2917,2006-09-25,11.58666706085205,940500
2918,2006-09-26,12.526666641235352,2120100
2919,2006-09-27,12.5600004196167,1611300
2920,2006-09-28,11.643333435058594,3738300
2921,2006-09-29,11.4399995803833,1355700
2922,2006-10-02,11.133333206176758,3895200
2923,2006-10-03,11.050000190734863,1318200
2924,2006-10-04,11.6899995803833,1717500
2925,2006-10-05,11.869999885559082,762900
2926,2006-10-06,11.84333324432373,428400
2927,2006-10-09,11.770000457763672,374100
2928,2006-10-10,11.936667442321777,469800
2929,2006-10-11,11.869999885559082,335400
2930,2006-10-12,12.166666984558105,377700
2931,2006-10-13,12.323332786560059,604200
2932,2006-10-16,12.266667366027832,966300
2933,2006-10-17,12.083333015441895,957000
2934,2006-10-18,11.99666690826416,485400
2935,2006-10-19,11.963333129882812,690000
2936,2006-10-20,11.80666732788086,625800
2937,2006-10-23,11.989999771118164,580200
2938,2006-10-24,11.739999771118164,569700
2939,2006-10-25,11.576666831970215,1424100
2940,2006-10-26,11.436667442321777,1303800
2941,2006-10-27,11.166666984558105,1443300
2942,2006-10-30,11.536666870117188,1309800
2943,2006-10-31,11.236666679382324,719100
2944,2006-11-01,10.856666564941406,1148100
2945,2006-11-02,10.90666675567627,652800
2946,2006-11-03,10.920000076293945,648300
2947,2006-11-06,11.24666690826416,1206900
2948,2006-11-07,11.023332595825195,690000
2949,2006-11-08,10.960000038146973,578100
2950,2006-11-09,10.75333309173584,2148000
2951,2006-11-10,11.106666564941406,894300
2952,2006-11-13,11.186667442321777,1093200
2953,2006-11-14,11.396666526794434,2205300
2954,2006-11-15,10.84000015258789,5056800
2955,2006-11-16,11.386667251586914,2821200
2956,2006-11-17,11.869999885559082,2183400
2957,2006-11-20,11.850000381469727,1484400
2958,2006-11-21,11.896666526794434,989100
2959,2006-11-22,12.166666984558105,934500
2960,2006-11-24,11.966667175292969,217500
2961,2006-11-27,11.606666564941406,1298400
2962,2006-11-28,11.720000267028809,1549800
2963,2006-11-29,11.733332633972168,770700
2964,2006-11-30,11.276666641235352,2208300
2965,2006-12-01,11.40666675567627,1186800
2966,2006-12-04,11.423333168029785,899100
2967,2006-12-05,11.316666603088379,820500
2968,2006-12-06,11.213333129882812,705600
2969,2006-12-07,11.083333015441895,866100
2970,2006-12-08,10.993332862854004,773400
2971,2006-12-11,11.043333053588867,858600
2972,2006-12-12,10.949999809265137,816600
2973,2006-12-13,11.076666831970215,710400
2974,2006-12-14,11.25333309173584,1072500
2975,2006-12-15,11.123332977294922,1191600
2976,2006-12-18,10.726667404174805,709500
2977,2006-12-19,10.970000267028809,1239900
2978,2006-12-20,11.016667366027832,832200
2979,2006-12-21,10.983332633972168,931500
2980,2006-12-22,10.916666984558105,465600
2981,2006-12-26,11.050000190734863,421200
2982,2006-12-27,11.073332786560059,402600
2983,2006-12-28,11.006667137145996,508200
2984,2006-12-29,10.856666564941406,731400
2985,2007-01-03,10.973333358764648,1339800
2986,2007-01-04,11.233332633972168,981000
2987,2007-01-05,11.283332824707031,1509900
2988,2007-01-08,11.376667022705078,2124300
2989,2007-01-09,11.473333358764648,806100
2990,2007-01-10,11.630000114440918,937500
2991,2007-01-11,11.723333358764648,1331100
2992,2007-01-12,11.766667366027832,1291200
2993,2007-01-16,11.773332595825195,1031100
2994,2007-01-17,12.00333309173584,869700
2995,2007-01-18,11.816666603088379,1524300
2996,2007-01-19,11.926667213439941,640800
2997,2007-01-22,11.766667366027832,827700
2998,2007-01-23,11.903332710266113,977100
2999,2007-01-24,11.966667175292969,1236300
3000,2007-01-25,11.733332633972168,927000
3001,2007-01-26,11.776666641235352,1193400
3002,2007-01-29,11.979999542236328,1171800
3003,2007-01-30,12.033332824707031,1035900
3004,2007-01-31,12.066666603088379,1023900
3005,2007-02-01,12.329999923706055,981900
3006,2007-02-02,12.420000076293945,1553100
3007,2007-02-05,12.1899995803833,1002900
3008,2007-02-06,12.399999618530273,846600
3009,2007-02-07,12.449999809265137,1005900
3010,2007-02-08,12.506667137145996,940500
3011,2007-02-09,12.210000038146973,795300
3012,2007-02-12,12.226667404174805,426000
3013,2007-02-13,12.44333267211914,1096500
3014,2007-02-14,12.470000267028809,2229600
3015,2007-02-15,12.476667404174805,520500
3016,2007-02-16,12.520000457763672,537300
3017,2007-02-20,12.566666603088379,481800
3018,2007-02-21,12.506667137145996,778800
3019,2007-02-22,12.41333293914795,806700
3020,2007-02-23,12.289999961853027,529800
3021,2007-02-26,12.096667289733887,834300
3022,2007-02-27,11.766667366027832,1194900
3023,2007-02-28,11.766667366027832,768900
3024,2007-03-01,11.66333293914795,1384200
3025,2007-03-02,10.399999618530273,13782900
3026,2007-03-05,10.296667098999023,2289000
3027,2007-03-06,10.3100004196167,1584300
3028,2007-03-07,10.196666717529297,1315500
3029,2007-03-08,9.666666984558105,5748600
3030,2007-03-09,9.890000343322754,2299500
3031,2007-03-12,9.949999809265137,1278300
3032,2007-03-13,9.596667289733887,1764300
3033,2007-03-14,9.573332786560059,1766400
3034,2007-03-15,9.516667366027832,1390500
3035,2007-03-16,9.736666679382324,3595200
3036,2007-03-19,9.856666564941406,1671600
3037,2007-03-20,9.859999656677246,1069500
3038,2007-03-21,10.143333435058594,2322600
3039,2007-03-22,10.353333473205566,2736000
3040,2007-03-23,10.643333435058594,3667500
3041,2007-03-26,10.569999694824219,2280300
3042,2007-03-27,10.483332633972168,1389900
3043,2007-03-28,10.576666831970215,1560900
3044,2007-03-29,10.723333358764648,1230900
3045,2007-03-30,10.796667098999023,1854900
3046,2007-04-02,10.83666706085205,2632500
3047,2007-04-03,10.963333129882812,1787100
3048,2007-04-04,10.90999984741211,1890300
3049,2007-04-05,10.933333396911621,1319700
3050,2007-04-09,10.886667251586914,1554600
3051,2007-04-10,10.973333358764648,1292400
3052,2007-04-11,10.84000015258789,2477700
3053,2007-04-12,10.800000190734863,2359200
3054,2007-04-13,10.75,3047700
3055,2007-04-16,10.760000228881836,2028000
3056,2007-04-17,10.703332901000977,1603200
3057,2007-04-18,10.606666564941406,1065300
3058,2007-04-19,10.423333168029785,1298700
3059,2007-04-20,10.446666717529297,1917600
3060,2007-04-23,10.483332633972168,837600
3061,2007-04-24,10.640000343322754,2056500
3062,2007-04-25,10.683333396911621,1764600
3063,2007-04-26,10.736666679382324,1195500
3064,2007-04-27,10.866666793823242,1509000
3065,2007-04-30,10.576666831970215,2291100
3066,2007-05-01,10.510000228881836,1276200
3067,2007-05-02,10.636667251586914,883200
3068,2007-05-03,10.59333324432373,1586400
3069,2007-05-04,10.696666717529297,1562100
3070,2007-05-07,10.50333309173584,1032900
3071,2007-05-08,10.483332633972168,953100
3072,2007-05-09,10.553333282470703,831900
3073,2007-05-10,10.273332595825195,1354500
3074,2007-05-11,10.366666793823242,1054200
3075,2007-05-14,11.020000457763672,3832500
3076,2007-05-15,10.789999961853027,1841700
3077,2007-05-16,10.819999694824219,886500
3078,2007-05-17,10.776666641235352,1059600
3079,2007-05-18,10.8100004196167,1779600
3080,2007-05-21,10.846667289733887,1330200
3081,2007-05-22,11.010000228881836,1987500
3082,2007-05-23,10.956666946411133,1914900
3083,2007-05-24,10.713333129882812,2362800
3084,2007-05-25,10.783332824707031,1560600
3085,2007-05-29,10.986666679382324,2248200
3086,2007-05-30,11.039999961853027,750600
3087,2007-05-31,11.350000381469727,1366500
3088,2007-06-01,11.510000228881836,1929300
3089,2007-06-04,11.65666675567627,2302800
3090,2007-06-05,11.433333396911621,2072400
3091,2007-06-06,11.143333435058594,2895600
3092,2007-06-07,11.0600004196167,2709300
3093,2007-06-08,11.236666679382324,1901700
3094,2007-06-11,11.386667251586914,1882800
3095,2007-06-12,11.239999771118164,1882500
3096,2007-06-13,11.396666526794434,1296000
3097,2007-06-14,11.5,893700
3098,2007-06-15,11.456666946411133,1569000
3099,2007-06-18,11.569999694824219,804300
3100,2007-06-19,11.766667366027832,2082000
3101,2007-06-20,11.50333309173584,960000
3102,2007-06-21,11.513333320617676,1467600
3103,2007-06-22,11.286666870117188,2583000
3104,2007-06-25,11.276666641235352,1184400
3105,2007-06-26,11.123332977294922,1977000
3106,2007-06-27,11.153332710266113,2048400
3107,2007-06-28,11.326666831970215,1281000
3108,2007-06-29,11.220000267028809,1355700
3109,2007-07-02,11.233332633972168,1514100
3110,2007-07-03,11.123332977294922,377100
3111,2007-07-05,11.296667098999023,1257900
3112,2007-07-06,11.226667404174805,636300
3113,2007-07-09,11.40666675567627,1228800
3114,2007-07-10,11.213333129882812,996300
3115,2007-07-11,11.313332557678223,664200
3116,2007-07-12,11.563332557678223,1050600
3117,2007-07-13,11.5600004196167,619500
3118,2007-07-16,11.573332786560059,755700
3119,2007-07-17,11.58666706085205,993600
3120,2007-07-18,11.529999732971191,950400
3121,2007-07-19,11.613332748413086,928200
3122,2007-07-20,11.293333053588867,1236000
3123,2007-07-23,11.256667137145996,728100
3124,2007-07-24,10.869999885559082,1446900
3125,2007-07-25,12.226667404174805,758700
3126,2007-07-26,10.266667366027832,2259600
3127,2007-07-27,10.00333309173584,2724600
3128,2007-07-30,10.286666870117188,1398600
3129,2007-07-31,10.176667213439941,1665300
3130,2007-08-01,10.313332557678223,1638900
3131,2007-08-02,10.279999732971191,1219200
3132,2007-08-03,9.770000457763672,921300
3133,2007-08-06,10.180000305175781,1507200
3134,2007-08-07,10.489999771118164,1483500
3135,2007-08-08,10.90999984741211,2168400
3136,2007-08-09,10.296667098999023,3401400
3137,2007-08-10,9.859999656677246,1814100
3138,2007-08-13,9.34000015258789,1601700
3139,2007-08-14,8.923333168029785,1683600
3140,2007-08-15,8.713333129882812,744300
3141,2007-08-16,8.626667022705078,2688600
3142,2007-08-17,8.786666870117188,1857300
3143,2007-08-20,8.696666717529297,1012500
3144,2007-08-21,8.380000114440918,1645200
3145,2007-08-22,8.5,1611000
3146,2007-08-23,8.426667213439941,1101600
3147,2007-08-24,8.333333015441895,1548000
3148,2007-08-27,8.366666793823242,982200
3149,2007-08-28,8.243332862854004,686700
3150,2007-08-29,8.4399995803833,1564200
3151,2007-08-30,8.5,1494300
3152,2007-08-31,8.65999984741211,1012200
3153,2007-09-04,8.949999809265137,926700
3154,2007-09-05,8.833333015441895,1376400
3155,2007-09-06,8.866666793823242,758400
3156,2007-09-07,8.90666675567627,2481600
3157,2007-09-10,8.649999618530273,1437300
3158,2007-09-11,8.90666675567627,718500
3159,2007-09-12,8.770000457763672,875400
3160,2007-09-13,8.883333206176758,614700
3161,2007-09-14,8.846667289733887,689100
3162,2007-09-17,8.616666793823242,1424700
3163,2007-09-18,8.829999923706055,1628400
3164,2007-09-19,8.826666831970215,884100
3165,2007-09-20,7.836667060852051,9234600
3166,2007-09-21,7.869999885559082,2704200
3167,2007-09-24,7.599999904632568,1857900
3168,2007-09-25,7.353332996368408,3051000
3169,2007-09-26,7.326666831970215,3992700
3170,2007-09-27,7.486667156219482,2502600
3171,2007-09-28,7.449999809265137,2411400
3172,2007-10-01,7.466667175292969,2147100
3173,2007-10-02,7.679999828338623,1541100
3174,2007-10-03,7.826666831970215,1929300
3175,2007-10-04,7.966667175292969,1659000
3176,2007-10-05,8.100000381469727,990000
3177,2007-10-08,8.136667251586914,843300
3178,2007-10-09,8.366666793823242,1366800
3179,2007-10-10,8.526666641235352,1697700
3180,2007-10-11,8.380000114440918,1224600
3181,2007-10-12,8.136667251586914,965100
3182,2007-10-15,7.883333206176758,1167900
3183,2007-10-16,7.75,497700
3184,2007-10-17,7.619999885559082,2294100
3185,2007-10-18,7.699999809265137,1681200
3186,2007-10-19,7.5233330726623535,1813800
3187,2007-10-22,7.293333053588867,1984500
3188,2007-10-23,7.3566670417785645,5197500
3189,2007-10-24,7.239999771118164,2090100
3190,2007-10-25,7.236667156219482,1034400
3191,2007-10-26,7.28000020980835,1505100
3192,2007-10-29,7.27666711807251,1282500
3193,2007-10-30,7.363333225250244,1829700
3194,2007-10-31,7.623332977294922,1025100
3195,2007-11-01,7.353332996368408,1459500
3196,2007-11-02,7.396667003631592,846900
3197,2007-11-05,7.353332996368408,729300
3198,2007-11-06,7.436666965484619,1076700
3199,2007-11-07,7.173333168029785,830100
3200,2007-11-08,7.453332901000977,1365900
3201,2007-11-09,7.340000152587891,1132200
3202,2007-11-12,7.3333330154418945,1172400
3203,2007-11-13,7.743332862854004,702300
3204,2007-11-14,7.579999923706055,984600
3205,2007-11-15,7.376667022705078,875700
3206,2007-11-16,7.343332767486572,867300
3207,2007-11-19,7.326666831970215,660000
3208,2007-11-20,7.320000171661377,1458000
3209,2007-11-21,7.2733330726623535,1426500
3210,2007-11-23,7.613333225250244,342600
3211,2007-11-26,7.353332996368408,819600
3212,2007-11-27,7.429999828338623,1057500
3213,2007-11-28,7.679999828338623,1362300
3214,2007-11-29,7.49666690826416,934800
3215,2007-11-30,7.610000133514404,1500300
3216,2007-12-03,7.646667003631592,971100
3217,2007-12-04,7.586667060852051,864600
3218,2007-12-05,7.99666690826416,1047900
3219,2007-12-06,8.100000381469727,455100
3220,2007-12-07,8.25,456600
3221,2007-12-10,8.303333282470703,588000
3222,2007-12-11,8.069999694824219,604800
3223,2007-12-12,8.136667251586914,1180200
3224,2007-12-13,8.05666732788086,661500
3225,2007-12-14,7.836667060852051,1005300
3226,2007-12-17,6.543333053588867,8143500
3227,2007-12-18,5.880000114440918,4357200
3228,2007-12-19,5.686666965484619,2820300
3229,2007-12-20,5.6666669845581055,2404200
3230,2007-12-21,6.079999923706055,4951500
3231,2007-12-24,6.626667022705078,2183400
3232,2007-12-26,6.563333034515381,910800
3233,2007-12-27,6.306666851043701,1229400
3234,2007-12-28,6.343332767486572,1425300
3235,2007-12-31,6.3466668128967285,1581900
3236,2008-01-02,6.0966668128967285,2103300
3237,2008-01-03,5.813333034515381,980400
3238,2008-01-04,5.426667213439941,1320900
3239,2008-01-07,5.2866668701171875,1541100
3240,2008-01-08,5.013332843780518,1373100
3241,2008-01-09,4.843332767486572,1508700
3242,2008-01-10,4.940000057220459,1535400
3243,2008-01-11,4.7733330726623535,1139100
3244,2008-01-14,4.826666831970215,1870200
3245,2008-01-15,4.5833330154418945,1680900
3246,2008-01-16,4.489999771118164,2007600
3247,2008-01-17,4.2266669273376465,1827600
3248,2008-01-18,4.186666965484619,2190600
3249,2008-01-22,4.159999847412109,1782300
3250,2008-01-23,4.5233330726623535,2386500
3251,2008-01-24,4.466667175292969,1770600
3252,2008-01-25,4.456666946411133,1146300
3253,2008-01-28,4.586667060852051,928200
3254,2008-01-29,4.566667079925537,1041600
3255,2008-01-30,4.99666690826416,2751300
3256,2008-01-31,4.966667175292969,1641900
3257,2008-02-01,5.389999866485596,1626300
3258,2008-02-04,5.199999809265137,1369800
3259,2008-02-05,4.909999847412109,1848900
3260,2008-02-06,4.78000020980835,1120200
3261,2008-02-07,4.99666690826416,1920900
3262,2008-02-08,5.076666831970215,1105200
3263,2008-02-11,5.046667098999023,1164600
3264,2008-02-12,5.070000171661377,1432800
3265,2008-02-13,5.260000228881836,592500
3266,2008-02-14,5.2266669273376465,871200
3267,2008-02-15,5.22333288192749,1636800
3268,2008-02-19,5.090000152587891,1747200
3269,2008-02-20,5.170000076293945,859800
3270,2008-02-21,5.443333148956299,2120700
3271,2008-02-22,5.519999980926514,1622100
3272,2008-02-25,6.103332996368408,1693200
3273,2008-02-26,5.989999771118164,1549200
3274,2008-02-27,6.320000171661377,1527000
3275,2008-02-28,6.046667098999023,1318800
3276,2008-02-29,5.886666774749756,1400100
3277,2008-03-03,6.4166669845581055,2061000
3278,2008-03-04,6.136666774749756,2413200
3279,2008-03-05,6.5,1335900
3280,2008-03-06,6.539999961853027,1091700
3281,2008-03-07,6.543333053588867,1607100
3282,2008-03-10,6.110000133514404,1404900
3283,2008-03-11,6.2733330726623535,1941900
3284,2008-03-12,6.126667022705078,1068000
3285,2008-03-13,6.266666889190674,1101300
3286,2008-03-14,6.010000228881836,967200
3287,2008-03-17,6.0966668128967285,1365000
3288,2008-03-18,6.210000038146973,1632300
3289,2008-03-19,6.176667213439941,1577100
3290,2008-03-20,6.309999942779541,2818500
3291,2008-03-24,6.699999809265137,941100
3292,2008-03-25,6.873332977294922,1121100
3293,2008-03-26,7.090000152587891,996000
3294,2008-03-27,6.739999771118164,739200
3295,2008-03-28,6.800000190734863,867900
3296,2008-03-31,6.639999866485596,1194600
3297,2008-04-01,7.00333309173584,1231500
3298,2008-04-02,7.210000038146973,747900
3299,2008-04-03,7.460000038146973,799800
3300,2008-04-04,7.3933329582214355,571200
3301,2008-04-07,7.373332977294922,538500
3302,2008-04-08,7.5833330154418945,496800
3303,2008-04-09,7.130000114440918,1179000
3304,2008-04-10,7.539999961853027,686700
3305,2008-04-11,7.02666711807251,783600
3306,2008-04-14,7.056666851043701,555000
3307,2008-04-15,7.1666669845581055,332400
3308,2008-04-16,7.436666965484619,1067400
3309,2008-04-17,7.0833330154418945,852600
3310,2008-04-18,7.256667137145996,1081200
3311,2008-04-21,7.329999923706055,1400400
3312,2008-04-22,7.1666669845581055,1630500
3313,2008-04-23,7.199999809265137,1028700
3314,2008-04-24,7.266666889190674,1427700
3315,2008-04-25,7.289999961853027,696900
3316,2008-04-28,7.386666774749756,632400
3317,2008-04-29,7.440000057220459,484200
3318,2008-04-30,7.366666793823242,1038900
3319,2008-05-01,7.533332824707031,745200
3320,2008-05-02,7.513332843780518,730200
3321,2008-05-05,7.389999866485596,960300
3322,2008-05-06,7.260000228881836,1912800
3323,2008-05-07,6.610000133514404,2358600
3324,2008-05-08,5.800000190734863,3453300
3325,2008-05-09,5.926667213439941,1759800
3326,2008-05-12,5.900000095367432,1136100
3327,2008-05-13,6.013332843780518,1460700
3328,2008-05-14,5.880000114440918,1017900
3329,2008-05-15,5.926667213439941,718200
3330,2008-05-16,5.96999979019165,918300
3331,2008-05-19,5.946667194366455,982800
3332,2008-05-20,5.960000038146973,734400
3333,2008-05-21,5.803332805633545,645600
3334,2008-05-22,5.956666946411133,1584000
3335,2008-05-23,5.590000152587891,1037400
3336,2008-05-27,5.809999942779541,1074900
3337,2008-05-28,5.789999961853027,1199400
3338,2008-05-29,5.869999885559082,533100
3339,2008-05-30,5.803332805633545,711900
3340,2008-06-02,5.446667194366455,1113600
3341,2008-06-03,5.433332920074463,1059600
3342,2008-06-04,5.579999923706055,1265700
3343,2008-06-05,5.913332939147949,1509300
3344,2008-06-06,5.683332920074463,723300
3345,2008-06-09,5.673333168029785,840300
3346,2008-06-10,5.743332862854004,1020300
3347,2008-06-11,5.663332939147949,809700
3348,2008-06-12,5.699999809265137,463500
3349,2008-06-13,5.913332939147949,541800
3350,2008-06-16,5.946667194366455,513600
3351,2008-06-17,5.949999809265137,955800
3352,2008-06-18,6.019999980926514,1075200
3353,2008-06-19,6.053332805633545,1000800
3354,2008-06-20,5.8333330154418945,2174100
3355,2008-06-23,5.836667060852051,986700
3356,2008-06-24,5.840000152587891,976500
3357,2008-06-25,6.1433329582214355,944700
3358,2008-06-26,5.936666965484619,717300
3359,2008-06-27,5.840000152587891,1434000
3360,2008-06-30,5.863333225250244,1139100
3361,2008-07-01,5.75,781800
3362,2008-07-02,5.603332996368408,1190100
3363,2008-07-03,5.6666669845581055,380400
3364,2008-07-07,5.533332824707031,794700
3365,2008-07-08,5.693333148956299,893100
3366,2008-07-09,5.6533331871032715,939600
3367,2008-07-10,5.809999942779541,729000
3368,2008-07-11,6.039999961853027,1140000
3369,2008-07-14,5.636666774749756,653100
3370,2008-07-15,5.716667175292969,913200
3371,2008-07-16,6.126667022705078,858900
3372,2008-07-17,6.420000076293945,825900
3373,2008-07-18,6.483333110809326,681000
3374,2008-07-21,6.056666851043701,891300
3375,2008-07-22,6.239999771118164,921000
3376,2008-07-23,6.163332939147949,874500
3377,2008-07-24,6.2133331298828125,614100
3378,2008-07-25,6.256667137145996,536400
3379,2008-07-28,6.25,632400
3380,2008-07-29,6.446667194366455,958800
3381,2008-07-30,6.586667060852051,1232400
3382,2008-07-31,6.519999980926514,564600
3383,2008-08-01,6.599999904632568,642600
3384,2008-08-04,6.633333206176758,699600
3385,2008-08-05,6.663332939147949,666600
3386,2008-08-06,6.6533331871032715,752100
3387,2008-08-07,6.816667079925537,425100
3388,2008-08-08,6.869999885559082,901200
3389,2008-08-11,6.993332862854004,1694100
3390,2008-08-12,4.853332996368408,8031900
3391,2008-08-13,5.190000057220459,1978200
3392,2008-08-14,5.4766669273376465,1489200
3393,2008-08-15,5.716667175292969,1685400
3394,2008-08-18,5.380000114440918,875100
3395,2008-08-19,5.389999866485596,684000
3396,2008-08-20,5.673333168029785,780900
3397,2008-08-21,5.676667213439941,1608900
3398,2008-08-22,5.793333053588867,744300
3399,2008-08-25,5.739999771118164,694800
3400,2008-08-26,5.820000171661377,777900
3401,2008-08-27,6.099999904632568,838800
3402,2008-08-28,6.260000228881836,806700
3403,2008-08-29,6.039999961853027,532200
3404,2008-09-02,6.013332843780518,674100
3405,2008-09-03,6.063333034515381,816600
3406,2008-09-04,5.8466668128967285,723300
3407,2008-09-05,6.123332977294922,729000
3408,2008-09-08,6.260000228881836,742500
3409,2008-09-09,6.150000095367432,816300
3410,2008-09-10,6.436666965484619,752400
3411,2008-09-11,6.373332977294922,1209300
3412,2008-09-12,6.323332786560059,886500
3413,2008-09-15,5.96999979019165,766200
3414,2008-09-16,6.586667060852051,1786500
3415,2008-09-17,6.203332901000977,1275600
3416,2008-09-18,6.443333148956299,3047700
3417,2008-09-19,6.710000038146973,2900700
3418,2008-09-22,6.456666946411133,1774800
3419,2008-09-23,6.103332996368408,905400
3420,2008-09-24,6.043333053588867,775800
3421,2008-09-25,6.119999885559082,905700
3422,2008-09-26,5.913332939147949,728100
3423,2008-09-29,5.50333309173584,803100
3424,2008-09-30,5.840000152587891,1028700
3425,2008-10-01,5.946667194366455,896700
3426,2008-10-02,5.50333309173584,801300
3427,2008-10-03,5.073332786560059,970800
3428,2008-10-06,4.736667156219482,1135800
3429,2008-10-07,4.426667213439941,900000
3430,2008-10-08,4.1433329582214355,1127100
3431,2008-10-09,3.663332939147949,1341600
3432,2008-10-10,3.706666946411133,1892700
3433,2008-10-13,4.400000095367432,1293900
3434,2008-10-14,4.170000076293945,1153500
3435,2008-10-15,3.5899999141693115,669000
3436,2008-10-16,4.010000228881836,847200
3437,2008-10-17,3.933332920074463,999600
3438,2008-10-20,4.033332824707031,776700
3439,2008-10-21,3.7966670989990234,521700
3440,2008-10-22,3.613332986831665,707400
3441,2008-10-23,3.3833329677581787,667200
3442,2008-10-24,3.25333309173584,441000
3443,2008-10-27,2.9733328819274902,656100
3444,2008-10-28,3.8666670322418213,1164000
3445,2008-10-29,3.8399999141693115,931200
3446,2008-10-30,3.9666669368743896,750600
3447,2008-10-31,4.566667079925537,1296600
3448,2008-11-03,4.553332805633545,524400
3449,2008-11-04,4.6066670417785645,1082700
3450,2008-11-05,4.02666711807251,876600
3451,2008-11-06,4.49666690826416,1675200
3452,2008-11-07,4.6666669845581055,912900
3453,2008-11-10,4.6666669845581055,854700
3454,2008-11-11,4.673333168029785,837300
3455,2008-11-12,4.686666965484619,990600
3456,2008-11-13,4.99666690826416,1356000
3457,2008-11-14,4.9166669845581055,1025700
3458,2008-11-17,5.136666774749756,880800
3459,2008-11-18,5.163332939147949,890100
3460,2008-11-19,4.760000228881836,1310400
3461,2008-11-20,4.4766669273376465,1369800
3462,2008-11-21,4.733333110809326,1040700
3463,2008-11-24,5.00333309173584,1209900
3464,2008-11-25,4.896667003631592,970800
3465,2008-11-26,5.199999809265137,1439700
3466,2008-11-28,5.233333110809326,375000
3467,2008-12-01,4.6066670417785645,907200
3468,2008-12-02,5.190000057220459,1273800
3469,2008-12-03,4.803332805633545,1456800
3470,2008-12-04,4.563333034515381,1634100
3471,2008-12-05,4.900000095367432,1391400
3472,2008-12-08,5.0,1242600
3473,2008-12-09,4.946667194366455,1415700
3474,2008-12-10,4.96999979019165,474900
3475,2008-12-11,4.559999942779541,521400
3476,2008-12-12,4.836667060852051,657300
3477,2008-12-15,4.673333168029785,721800
3478,2008-12-16,4.933332920074463,1395000
3479,2008-12-17,4.929999828338623,1235100
3480,2008-12-18,4.949999809265137,760800
3481,2008-12-19,4.843332767486572,2827800
3482,2008-12-22,4.75333309173584,842100
3483,2008-12-23,4.75,1191000
3484,2008-12-24,4.956666946411133,453000
3485,2008-12-26,4.940000057220459,264600
3486,2008-12-29,5.090000152587891,1023600
3487,2008-12-30,5.1066670417785645,1459800
3488,2008-12-31,5.300000190734863,1182300
3489,2009-01-02,5.3566670417785645,831600
3490,2009-01-05,5.4166669845581055,831000
3491,2009-01-06,5.543333053588867,676500
3492,2009-01-07,5.570000171661377,970800
3493,2009-01-08,5.75,735900
3494,2009-01-09,5.429999828338623,1208100
3495,2009-01-12,5.559999942779541,738000
3496,2009-01-13,5.663332939147949,390000
3497,2009-01-14,5.613333225250244,882300
3498,2009-01-15,5.980000019073486,1781400
3499,2009-01-16,5.9166669845581055,1254300
3500,2009-01-20,5.646667003631592,1798200
3501,2009-01-21,5.929999828338623,1250100
3502,2009-01-22,5.7266669273376465,972900
3503,2009-01-23,5.699999809265137,878700
3504,2009-01-26,5.743332862854004,631200
3505,2009-01-27,5.7266669273376465,904800
3506,2009-01-28,5.756667137145996,1023300
3507,2009-01-29,5.783332824707031,480300
3508,2009-01-30,5.663332939147949,645300
3509,2009-02-02,5.906667232513428,943200
3510,2009-02-03,5.75,845700
3511,2009-02-04,5.693333148956299,607500
3512,2009-02-05,5.696667194366455,611400
3513,2009-02-06,5.863333225250244,997500
3514,2009-02-09,5.806666851043701,413400
3515,2009-02-10,5.6066670417785645,654300
3516,2009-02-11,5.663332939147949,571500
3517,2009-02-12,5.736667156219482,648000
3518,2009-02-13,5.670000076293945,421200
3519,2009-02-17,5.413332939147949,698400
3520,2009-02-18,5.336667060852051,1018500
3521,2009-02-19,5.300000190734863,726000
3522,2009-02-20,5.3333330154418945,911400
3523,2009-02-23,5.3333330154418945,901200
3524,2009-02-24,5.443333148956299,1186800
3525,2009-02-25,5.3333330154418945,1158300
3526,2009-02-26,5.933332920074463,2088000
3527,2009-02-27,5.953332901000977,2845500
3528,2009-03-02,5.923333168029785,2285400
3529,2009-03-03,5.843332767486572,1017300
3530,2009-03-04,5.933332920074463,1045500
3531,2009-03-05,5.783332824707031,838800
3532,2009-03-06,6.0,1305300
3533,2009-03-09,6.380000114440918,3036900
3534,2009-03-10,6.230000019073486,2738100
3535,2009-03-11,6.043333053588867,2057400
3536,2009-03-12,6.266666889190674,1262400
3537,2009-03-13,6.21999979019165,645600
3538,2009-03-16,6.066667079925537,999600
3539,2009-03-17,6.239999771118164,1258800
3540,2009-03-18,6.293333053588867,1077600
3541,2009-03-19,6.1666669845581055,757200
3542,2009-03-20,5.9633331298828125,1083300
3543,2009-03-23,6.199999809265137,840600
3544,2009-03-24,5.97333288192749,541800
3545,2009-03-25,6.090000152587891,1051500
3546,2009-03-26,6.230000019073486,1312200
3547,2009-03-27,6.216667175292969,892500
3548,2009-03-30,6.159999847412109,625800
3549,2009-03-31,6.25,1511700
3550,2009-04-01,6.340000152587891,969600
3551,2009-04-02,6.383333206176758,977100
3552,2009-04-03,6.576666831970215,596400
3553,2009-04-06,6.506667137145996,604800
3554,2009-04-07,6.309999942779541,1053600
3555,2009-04-08,6.559999942779541,730500
3556,2009-04-09,6.7733330726623535,1390200
3557,2009-04-13,6.659999847412109,648900
3558,2009-04-14,6.586667060852051,769500
3559,2009-04-15,6.610000133514404,634200
3560,2009-04-16,6.673333168029785,847800
3561,2009-04-17,6.516666889190674,847500
3562,2009-04-20,6.159999847412109,795900
3563,2009-04-21,6.0,1315200
3564,2009-04-22,5.956666946411133,1378200
3565,2009-04-23,5.853332996368408,1236900
3566,2009-04-24,5.78000020980835,1057200
3567,2009-04-27,5.736667156219482,735300
3568,2009-04-28,5.796667098999023,1065900
3569,2009-04-29,5.889999866485596,1092900
3570,2009-04-30,5.756667137145996,789300
3571,2009-05-01,5.619999885559082,645900
3572,2009-05-04,5.699999809265137,1395300
3573,2009-05-05,5.6066670417785645,1666200
3574,2009-05-06,4.766666889190674,3739200
3575,2009-05-07,4.679999828338623,2296500
3576,2009-05-08,4.710000038146973,1303200
3577,2009-05-11,4.613333225250244,1121400
3578,2009-05-12,4.6666669845581055,1277700
3579,2009-05-13,4.53000020980835,1421700
3580,2009-05-14,4.636666774749756,1112400
3581,2009-05-15,4.599999904632568,796200
3582,2009-05-18,4.843332767486572,1486200
3583,2009-05-19,4.8566670417785645,911700
3584,2009-05-20,4.946667194366455,1045500
3585,2009-05-21,4.986667156219482,1004400
3586,2009-05-22,5.050000190734863,791400
3587,2009-05-26,5.1666669845581055,981000
3588,2009-05-27,4.9766669273376465,724800
3589,2009-05-28,4.983333110809326,765900
3590,2009-05-29,4.96999979019165,723000
3591,2009-06-01,5.150000095367432,613500
3592,2009-06-02,5.21999979019165,576600
3593,2009-06-03,5.263332843780518,557400
3594,2009-06-04,5.233333110809326,423900
3595,2009-06-05,5.170000076293945,574200
3596,2009-06-08,5.059999942779541,526500
3597,2009-06-09,5.063333034515381,385200
3598,2009-06-10,5.039999961853027,943500
3599,2009-06-11,5.043333053588867,406500
3600,2009-06-12,4.99666690826416,283500
3601,2009-06-15,4.816667079925537,382200
3602,2009-06-16,4.696667194366455,439200
3603,2009-06-17,4.8333330154418945,354900
3604,2009-06-18,4.710000038146973,379200
3605,2009-06-19,4.610000133514404,928500
3606,2009-06-22,4.426667213439941,573600
3607,2009-06-23,4.460000038146973,538200
3608,2009-06-24,4.519999980926514,498000
3609,2009-06-25,4.599999904632568,338700
3610,2009-06-26,4.636666774749756,1502700
3611,2009-06-29,4.5966668128967285,456300
3612,2009-06-30,4.6533331871032715,692700
3613,2009-07-01,4.7266669273376465,506700
3614,2009-07-02,4.613333225250244,609600
3615,2009-07-06,4.533332824707031,409200
3616,2009-07-07,4.5,685800
3617,2009-07-08,4.4766669273376465,624000
3618,2009-07-09,4.4633331298828125,1454100
3619,2009-07-10,4.486667156219482,714600
3620,2009-07-13,4.400000095367432,642900
3621,2009-07-14,4.406667232513428,567300
3622,2009-07-15,4.513332843780518,602100
3623,2009-07-16,4.5366668701171875,388200
3624,2009-07-17,4.626667022705078,371100
3625,2009-07-20,4.623332977294922,343800
3626,2009-07-21,4.633333206176758,434700
3627,2009-07-22,4.699999809265137,359700
3628,2009-07-23,4.9033331871032715,547500
3629,2009-07-24,4.966667175292969,359400
3630,2009-07-27,4.993332862854004,283800
3631,2009-07-28,5.123332977294922,414600
3632,2009-07-29,5.170000076293945,433500
3633,2009-07-30,5.1666669845581055,354000
3634,2009-07-31,5.0233330726623535,446400
3635,2009-08-03,5.010000228881836,596700
3636,2009-08-04,5.056666851043701,276300
3637,2009-08-05,5.053332805633545,514800
3638,2009-08-06,4.623332977294922,1101000
3639,2009-08-07,4.743332862854004,885600
3640,2009-08-10,4.7866668701171875,416100
3641,2009-08-11,4.743332862854004,628500
3642,2009-08-12,4.75,850200
3643,2009-08-13,4.763332843780518,399300
3644,2009-08-14,4.6666669845581055,954900
3645,2009-08-17,4.539999961853027,324000
3646,2009-08-18,4.593332767486572,363300
3647,2009-08-19,4.603332996368408,427200
3648,2009-08-20,4.5833330154418945,306000
3649,2009-08-21,4.6533331871032715,1176000
3650,2009-08-24,4.603332996368408,576600
3651,2009-08-25,4.659999847412109,799200
3652,2009-08-26,4.646667003631592,781200
3653,2009-08-27,4.656667232513428,661800
3654,2009-08-28,4.593332767486572,312000
3655,2009-08-31,4.519999980926514,457500
3656,2009-09-01,4.559999942779541,696300
3657,2009-09-02,4.563333034515381,234600
3658,2009-09-03,4.5833330154418945,650700
3659,2009-09-04,4.6066670417785645,320100
3660,2009-09-08,4.546667098999023,623100
3661,2009-09-09,4.633333206176758,527400
3662,2009-09-10,4.706666946411133,221700
3663,2009-09-11,4.756667137145996,285300
3664,2009-09-14,4.949999809265137,626700
3665,2009-09-15,5.139999866485596,777600
3666,2009-09-16,5.170000076293945,302100
3667,2009-09-17,5.186666965484619,312000
3668,2009-09-18,5.283332824707031,1052400
3669,2009-09-21,5.326666831970215,426600
3670,2009-09-22,5.306666851043701,292200
3671,2009-09-23,5.239999771118164,247800
3672,2009-09-24,5.163332939147949,323700
3673,2009-09-25,5.053332805633545,320100
3674,2009-09-28,5.130000114440918,361500
3675,2009-09-29,5.163332939147949,420900
3676,2009-09-30,5.043333053588867,323400
3677,2009-10-01,4.860000133514404,376800
3678,2009-10-02,4.796667098999023,192900
3679,2009-10-05,4.8333330154418945,509100
3680,2009-10-06,4.923333168029785,399900
3681,2009-10-07,5.21999979019165,1405500
3682,2009-10-08,5.543333053588867,1569600
3683,2009-10-09,5.730000019073486,852300
3684,2009-10-12,5.690000057220459,336000
3685,2009-10-13,5.816667079925537,684900
3686,2009-10-14,5.989999771118164,1883400
3687,2009-10-15,5.896667003631592,330300
3688,2009-10-16,5.75,710700
3689,2009-10-19,5.789999961853027,200700
3690,2009-10-20,5.683332920074463,191100
3691,2009-10-21,5.6533331871032715,473400
3692,2009-10-22,5.760000228881836,370800
3693,2009-10-23,5.673333168029785,395400
3694,2009-10-26,5.6533331871032715,270000
3695,2009-10-27,5.603332996368408,367200
3696,2009-10-28,5.383333206176758,312600
3697,2009-10-29,5.47333288192749,401100
3698,2009-10-30,5.363333225250244,523500
3699,2009-11-02,5.389999866485596,520800
3700,2009-11-03,5.420000076293945,515700
3701,2009-11-04,5.340000152587891,301200
3702,2009-11-05,5.440000057220459,669000
3703,2009-11-06,5.383333206176758,312300
3704,2009-11-09,5.513332843780518,338700
3705,2009-11-10,5.623332977294922,373800
3706,2009-11-11,5.743332862854004,351000
3707,2009-11-12,5.6433329582214355,318600
3708,2009-11-13,5.760000228881836,229800
3709,2009-11-16,5.9766669273376465,306300
3710,2009-11-17,5.966667175292969,222300
3711,2009-11-18,5.860000133514404,398100
3712,2009-11-19,5.71999979019165,645600
3713,2009-11-20,5.699999809265137,329400
3714,2009-11-23,5.860000133514404,180000
3715,2009-11-24,5.793333053588867,243600
3716,2009-11-25,5.710000038146973,168000
3717,2009-11-27,5.516666889190674,165600
3718,2009-11-30,5.493332862854004,488400
3719,2009-12-01,5.626667022705078,411300
3720,2009-12-02,5.49666690826416,439200
3721,2009-12-03,5.383333206176758,331200
3722,2009-12-04,5.5233330726623535,624900
3723,2009-12-07,5.599999904632568,225300
3724,2009-12-08,5.563333034515381,261600
3725,2009-12-09,5.5,286500
3726,2009-12-10,5.506667137145996,292500
3727,2009-12-11,5.49666690826416,200700
3728,2009-12-14,5.623332977294922,288600
3729,2009-12-15,5.696667194366455,400800
3730,2009-12-16,5.670000076293945,438600
3731,2009-12-17,5.579999923706055,225900
3732,2009-12-18,5.52666711807251,1492800
3733,2009-12-21,5.716667175292969,322800
3734,2009-12-22,5.783332824707031,262800
3735,2009-12-23,5.920000076293945,213300
3736,2009-12-24,5.936666965484619,137700
3737,2009-12-28,5.789999961853027,388500
3738,2009-12-29,5.913332939147949,308700
3739,2009-12-30,5.876667022705078,262200
3740,2009-12-31,5.716667175292969,200100
3741,2010-01-04,5.843332767486572,191700
3742,2010-01-05,5.699999809265137,592500
3743,2010-01-06,5.53000020980835,336900
3744,2010-01-07,5.453332901000977,336000
3745,2010-01-08,5.4766669273376465,205800
3746,2010-01-11,5.4633331298828125,227400
3747,2010-01-12,5.4633331298828125,305700
3748,2010-01-13,5.550000190734863,244500
3749,2010-01-14,5.586667060852051,99600
3750,2010-01-15,5.50333309173584,346800
3751,2010-01-19,5.630000114440918,278400
3752,2010-01-20,5.533332824707031,445500
3753,2010-01-21,5.453332901000977,456300
3754,2010-01-22,5.433332920074463,393000
3755,2010-01-25,5.4766669273376465,336000
3756,2010-01-26,5.436666965484619,373800
3757,2010-01-27,5.533332824707031,236700
3758,2010-01-28,5.4166669845581055,362400
3759,2010-01-29,5.336667060852051,454200
3760,2010-02-01,5.340000152587891,246900
3761,2010-02-02,5.293333053588867,411900
3762,2010-02-03,5.289999961853027,238500
3763,2010-02-04,5.190000057220459,470400
3764,2010-02-05,5.25333309173584,409200
3765,2010-02-08,5.1533331871032715,512400
3766,2010-02-09,5.156667232513428,271200
3767,2010-02-10,5.1066670417785645,189300
3768,2010-02-11,5.170000076293945,226500
3769,2010-02-12,5.230000019073486,270000
3770,2010-02-16,5.27666711807251,213000
3771,2010-02-17,5.343332767486572,179700
3772,2010-02-18,5.440000057220459,174900
3773,2010-02-19,5.456666946411133,199800
3774,2010-02-22,5.443333148956299,146700
3775,2010-02-23,5.5233330726623535,324300
3776,2010-02-24,5.563333034515381,215400
3777,2010-02-25,6.113333225250244,1288500
3778,2010-02-26,6.079999923706055,636300
3779,2010-03-01,6.093332767486572,907500
3780,2010-03-02,6.1066670417785645,796500
3781,2010-03-03,6.389999866485596,1225500
3782,2010-03-04,6.340000152587891,400500
3783,2010-03-05,6.489999771118164,484800
3784,2010-03-08,6.623332977294922,280500
3785,2010-03-09,6.716667175292969,350100
3786,2010-03-10,6.849999904632568,409200
3787,2010-03-11,7.070000171661377,602100
3788,2010-03-12,7.033332824707031,705600
3789,2010-03-15,6.9766669273376465,392100
3790,2010-03-16,6.983333110809326,265200
3791,2010-03-17,6.926667213439941,327000
3792,2010-03-18,6.953332901000977,191100
3793,2010-03-19,6.823332786560059,1155900
3794,2010-03-22,7.056666851043701,920100
3795,2010-03-23,7.196667194366455,457200
3796,2010-03-24,7.1066670417785645,284400
3797,2010-03-25,7.090000152587891,207900
3798,2010-03-26,7.046667098999023,258300
3799,2010-03-29,7.00333309173584,230400
3800,2010-03-30,7.013332843780518,248400
3801,2010-03-31,6.869999885559082,440100
3802,2010-04-01,6.956666946411133,306000
3803,2010-04-05,6.989999771118164,426300
3804,2010-04-06,6.986667156219482,351300
3805,2010-04-07,6.943333148956299,346200
3806,2010-04-08,6.956666946411133,312600
3807,2010-04-09,6.9166669845581055,453000
3808,2010-04-12,6.956666946411133,512700
3809,2010-04-13,6.9633331298828125,896700
3810,2010-04-14,7.010000228881836,322500
3811,2010-04-15,6.626667022705078,770400
3812,2010-04-16,6.639999866485596,552900
3813,2010-04-19,6.546667098999023,414300
3814,2010-04-20,6.670000076293945,332100
3815,2010-04-21,6.673333168029785,347700
3816,2010-04-22,6.693333148956299,810600
3817,2010-04-23,6.739999771118164,736200
3818,2010-04-26,6.800000190734863,325800
3819,2010-04-27,6.763332843780518,779100
3820,2010-04-28,6.766666889190674,350400
3821,2010-04-29,6.440000057220459,1467900
3822,2010-04-30,6.263332843780518,975600
3823,2010-05-03,6.483333110809326,684000
3824,2010-05-04,6.443333148956299,806700
3825,2010-05-05,6.656667232513428,809700
3826,2010-05-06,6.433332920074463,774300
3827,2010-05-07,6.443333148956299,1081200
3828,2010-05-10,6.586667060852051,514800
3829,2010-05-11,6.566667079925537,944100
3830,2010-05-12,6.826666831970215,593100
3831,2010-05-13,6.873332977294922,339600
3832,2010-05-14,6.670000076293945,519600
3833,2010-05-17,6.739999771118164,321300
3834,2010-05-18,6.610000133514404,384300
3835,2010-05-19,6.53000020980835,542700
3836,2010-05-20,6.320000171661377,595500
3837,2010-05-21,6.25,802200
3838,2010-05-24,6.216667175292969,388800
3839,2010-05-25,6.136666774749756,615300
3840,2010-05-26,6.176667213439941,754500
3841,2010-05-27,6.389999866485596,440100
3842,2010-05-28,6.369999885559082,279600
3843,2010-06-01,6.186666965484619,472800
3844,2010-06-02,6.233333110809326,820500
3845,2010-06-03,6.313333034515381,564900
3846,2010-06-04,6.043333053588867,459900
3847,2010-06-07,5.929999828338623,376800
3848,2010-06-08,5.9766669273376465,558600
3849,2010-06-09,6.103332996368408,389700
3850,2010-06-10,6.376667022705078,549600
3851,2010-06-11,6.413332939147949,313500
3852,2010-06-14,6.4033331871032715,334200
3853,2010-06-15,6.553332805633545,268800
3854,2010-06-16,6.513332843780518,198600
3855,2010-06-17,6.6433329582214355,404100
3856,2010-06-18,6.809999942779541,845400
3857,2010-06-21,6.636666774749756,418800
3858,2010-06-22,6.533332824707031,459600
3859,2010-06-23,6.510000228881836,346800
3860,2010-06-24,6.480000019073486,339900
3861,2010-06-25,6.650000095367432,1230600
3862,2010-06-28,6.699999809265137,225300
3863,2010-06-29,6.460000038146973,386100
3864,2010-06-30,6.489999771118164,501000
3865,2010-07-01,6.663332939147949,786300
3866,2010-07-02,6.4766669273376465,282900
3867,2010-07-06,6.386666774749756,580500
3868,2010-07-07,6.5,459000
3869,2010-07-08,6.570000171661377,598800
3870,2010-07-09,6.480000019073486,443700
3871,2010-07-12,6.389999866485596,447900
3872,2010-07-13,6.6433329582214355,540600
3873,2010-07-14,6.409999847412109,595500
3874,2010-07-15,6.329999923706055,794400
3875,2010-07-16,6.1433329582214355,668400
3876,2010-07-19,6.1433329582214355,409800
3877,2010-07-20,6.263332843780518,468300
3878,2010-07-21,6.103332996368408,319500
3879,2010-07-22,6.236667156219482,804900
3880,2010-07-23,6.326666831970215,361500
3881,2010-07-26,6.409999847412109,410100
3882,2010-07-27,6.383333206176758,452400
3883,2010-07-28,6.103332996368408,452700
3884,2010-07-29,6.443333148956299,678300
3885,2010-07-30,6.466667175292969,572100
3886,2010-08-02,6.460000038146973,587700
3887,2010-08-03,6.4633331298828125,308100
3888,2010-08-04,6.683332920074463,412800
3889,2010-08-05,6.703332901000977,452400
3890,2010-08-06,6.7133331298828125,534900
3891,2010-08-09,6.97333288192749,785700
3892,2010-08-10,6.906667232513428,843000
3893,2010-08-11,6.633333206176758,1053600
3894,2010-08-12,6.639999866485596,470400
3895,2010-08-13,6.639999866485596,610200
3896,2010-08-16,6.623332977294922,255900
3897,2010-08-17,6.730000019073486,501900
3898,2010-08-18,6.696667194366455,419100
3899,2010-08-19,6.586667060852051,585600
3900,2010-08-20,6.493332862854004,637200
3901,2010-08-23,6.413332939147949,491100
3902,2010-08-24,6.383333206176758,369600
3903,2010-08-25,6.4633331298828125,237600
3904,2010-08-26,6.506667137145996,344700
3905,2010-08-27,6.743332862854004,352800
3906,2010-08-30,6.4166669845581055,304800
3907,2010-08-31,6.329999923706055,318600
3908,2010-09-01,6.693333148956299,645600
3909,2010-09-02,6.7866668701171875,444600
3910,2010-09-03,6.623332977294922,595800
3911,2010-09-07,6.53000020980835,185400
3912,2010-09-08,6.693333148956299,387300
3913,2010-09-09,6.8566670417785645,456600
3914,2010-09-10,6.889999866485596,425700
3915,2010-09-13,7.039999961853027,528300
3916,2010-09-14,6.936666965484619,327300
3917,2010-09-15,6.926667213439941,414000
3918,2010-09-16,6.880000114440918,317100
3919,2010-09-17,6.880000114440918,1552200
3920,2010-09-20,6.980000019073486,574500
3921,2010-09-21,6.933332920074463,369300
3922,2010-09-22,6.876667022705078,234600
3923,2010-09-23,6.863333225250244,255300
3924,2010-09-24,7.066667079925537,440700
3925,2010-09-27,7.033332824707031,139800
3926,2010-09-28,7.103332996368408,335700
3927,2010-09-29,7.0966668128967285,351900
3928,2010-09-30,7.4633331298828125,846600
3929,2010-10-01,7.426667213439941,366900
3930,2010-10-04,7.429999828338623,324300
3931,2010-10-05,7.5833330154418945,424800
3932,2010-10-06,7.436666965484619,417600
3933,2010-10-07,7.563333034515381,242400
3934,2010-10-08,7.6533331871032715,239700
3935,2010-10-11,7.6533331871032715,146400
3936,2010-10-12,7.72333288192749,289800
3937,2010-10-13,7.816667079925537,238800
3938,2010-10-14,7.77666711807251,223200
3939,2010-10-15,7.783332824707031,335700
3940,2010-10-18,7.836667060852051,164100
3941,2010-10-19,7.676667213439941,255600
3942,2010-10-20,7.823332786560059,247200
3943,2010-10-21,7.9633331298828125,478500
3944,2010-10-22,8.130000114440918,346500
3945,2010-10-25,8.183333396911621,409500
3946,2010-10-26,8.216667175292969,368700
3947,2010-10-27,8.256667137145996,297000
3948,2010-10-28,8.0,752700
3949,2010-10-29,8.123332977294922,257400
3950,2010-11-01,8.203332901000977,399600
3951,2010-11-02,8.483332633972168,441900
3952,2010-11-03,8.6899995803833,494700
3953,2010-11-04,8.949999809265137,619800
3954,2010-11-05,8.933333396911621,471300
3955,2010-11-08,8.979999542236328,419400
3956,2010-11-09,8.779999732971191,409500
3957,2010-11-10,8.920000076293945,661800
3958,2010-11-11,8.886667251586914,327600
3959,2010-11-12,8.716667175292969,363300
3960,2010-11-15,8.5,474900
3961,2010-11-16,8.353333473205566,470100
3962,2010-11-17,8.316666603088379,397200
3963,2010-11-18,8.489999771118164,311700
3964,2010-11-19,8.50333309173584,304800
3965,2010-11-22,8.58666706085205,444000
3966,2010-11-23,8.529999732971191,268800
3967,2010-11-24,8.58666706085205,373200
3968,2010-11-26,8.566666603088379,69600
3969,2010-11-29,8.563332557678223,512700
3970,2010-11-30,8.470000267028809,815700
3971,2010-12-01,8.876667022705078,473100
3972,2010-12-02,8.916666984558105,248400
3973,2010-12-03,8.956666946411133,376500
3974,2010-12-06,8.989999771118164,262200
3975,2010-12-07,9.08666706085205,248700
3976,2010-12-08,9.073332786560059,276900
3977,2010-12-09,9.136667251586914,297300
3978,2010-12-10,9.15999984741211,287700
3979,2010-12-13,9.083333015441895,423600
3980,2010-12-14,9.170000076293945,353100
3981,2010-12-15,9.183333396911621,403800
3982,2010-12-16,9.33666706085205,359100
3983,2010-12-17,9.383333206176758,1589100
3984,2010-12-20,9.109999656677246,539400
3985,2010-12-21,9.286666870117188,376800
3986,2010-12-22,9.206666946411133,322800
3987,2010-12-23,9.116666793823242,209100
3988,2010-12-27,9.066666603088379,383400
3989,2010-12-28,9.133333206176758,182700
3990,2010-12-29,9.203332901000977,127500
3991,2010-12-30,9.146666526794434,291300
3992,2010-12-31,8.956666946411133,231900
3993,2011-01-03,9.149999618530273,241800
3994,2011-01-04,8.9399995803833,240300
3995,2011-01-05,8.949999809265137,331800
3996,2011-01-06,8.863332748413086,242400
3997,2011-01-07,8.696666717529297,365100
3998,2011-01-10,8.853333473205566,326100
3999,2011-01-11,8.856666564941406,238500
4000,2011-01-12,8.930000305175781,182100
4001,2011-01-13,8.786666870117188,216600
4002,2011-01-14,8.856666564941406,342300
4003,2011-01-18,8.91333293914795,589200
4004,2011-01-19,8.74666690826416,343500
4005,2011-01-20,8.470000267028809,456300
4006,2011-01-21,8.346667289733887,379200
4007,2011-01-24,8.486666679382324,233400
4008,2011-01-25,8.483332633972168,306300
4009,2011-01-26,8.743332862854004,340800
4010,2011-01-27,8.83666706085205,304500
4011,2011-01-28,8.583333015441895,332400
4012,2011-01-31,8.829999923706055,431700
4013,2011-02-01,9.229999542236328,503100
4014,2011-02-02,9.166666984558105,164700
4015,2011-02-03,9.033332824707031,124200
4016,2011-02-04,8.983332633972168,142500
4017,2011-02-07,9.133333206176758,114900
4018,2011-02-08,9.30666732788086,215700
4019,2011-02-09,9.046667098999023,213300
4020,2011-02-10,9.063332557678223,147000
4021,2011-02-11,9.15666675567627,175200
4022,2011-02-14,9.136667251586914,189000
4023,2011-02-15,9.283332824707031,1231800
4024,2011-02-16,9.600000381469727,679200
4025,2011-02-17,10.00333309173584,525600
4026,2011-02-18,9.963333129882812,456000
4027,2011-02-22,9.779999732971191,455100
4028,2011-02-23,9.49666690826416,504000
4029,2011-02-24,9.880000114440918,587100
4030,2011-02-25,10.236666679382324,1221000
4031,2011-02-28,10.436667442321777,965100
4032,2011-03-01,10.366666793823242,924300
4033,2011-03-02,10.573332786560059,741000
4034,2011-03-03,10.579999923706055,792600
4035,2011-03-04,10.520000457763672,334500
4036,2011-03-07,10.153332710266113,498600
4037,2011-03-08,10.433333396911621,1068300
4038,2011-03-09,10.483332633972168,552000
4039,2011-03-10,10.136667251586914,526800
4040,2011-03-11,10.1899995803833,422100
4041,2011-03-14,10.146666526794434,423900
4042,2011-03-15,9.986666679382324,432900
4043,2011-03-16,10.203332901000977,1056300
4044,2011-03-17,10.196666717529297,655500
4045,2011-03-18,10.403332710266113,1633200
4046,2011-03-21,10.666666984558105,665700
4047,2011-03-22,10.710000038146973,603300
4048,2011-03-23,10.703332901000977,548700
4049,2011-03-24,10.736666679382324,516600
4050,2011-03-25,10.803333282470703,928800
4051,2011-03-28,10.8100004196167,475500
4052,2011-03-29,10.90666675567627,1004700
4053,2011-03-30,10.966667175292969,573300
4054,2011-03-31,10.933333396911621,585000
4055,2011-04-01,10.966667175292969,755700
4056,2011-04-04,10.936667442321777,591600
4057,2011-04-05,10.936667442321777,693300
4058,2011-04-06,10.966667175292969,423300
4059,2011-04-07,10.856666564941406,307800
4060,2011-04-08,10.813332557678223,300000
4061,2011-04-11,10.65999984741211,326400
4062,2011-04-12,10.526666641235352,444000
4063,2011-04-13,10.673333168029785,543300
4064,2011-04-14,10.65666675567627,500100
4065,2011-04-15,10.65666675567627,571200
4066,2011-04-18,10.426667213439941,344400
4067,2011-04-19,10.420000076293945,306000
4068,2011-04-20,10.636667251586914,554100
4069,2011-04-21,10.623332977294922,261600
4070,2011-04-25,10.539999961853027,246300
4071,2011-04-26,10.506667137145996,260700
4072,2011-04-27,10.566666603088379,318000
4073,2011-04-28,10.823332786560059,576000
4074,2011-04-29,11.013333320617676,414000
4075,2011-05-02,10.773332595825195,456000
4076,2011-05-03,10.543333053588867,372000
4077,2011-05-04,10.399999618530273,345300
4078,2011-05-05,10.303333282470703,235800
4079,2011-05-06,10.273332595825195,189000
4080,2011-05-09,10.436667442321777,276000
4081,2011-05-10,10.653332710266113,464400
4082,2011-05-11,10.600000381469727,553500
4083,2011-05-12,10.756667137145996,772500
4084,2011-05-13,10.579999923706055,429000
4085,2011-05-16,10.25,348000
4086,2011-05-17,10.153332710266113,343200
4087,2011-05-18,10.366666793823242,282000
4088,2011-05-19,10.460000038146973,768300
4089,2011-05-20,10.423333168029785,507900
4090,2011-05-23,10.286666870117188,810300
4091,2011-05-24,10.123332977294922,787800
4092,2011-05-25,10.473333358764648,884700
4093,2011-05-26,10.613332748413086,477000
4094,2011-05-27,10.623332977294922,381300
4095,2011-05-31,10.789999961853027,690300
4096,2011-06-01,10.393333435058594,813000
4097,2011-06-02,10.380000114440918,197400
4098,2011-06-03,10.050000190734863,432000
4099,2011-06-06,9.90999984741211,411000
4100,2011-06-07,10.053333282470703,310200
4101,2011-06-08,9.893333435058594,409800
4102,2011-06-09,10.010000228881836,318300
4103,2011-06-10,9.760000228881836,224100
4104,2011-06-13,9.649999618530273,255900
4105,2011-06-14,9.930000305175781,251400
4106,2011-06-15,9.666666984558105,363900
4107,2011-06-16,9.783332824707031,356700
4108,2011-06-17,9.703332901000977,1127700
4109,2011-06-20,9.696666717529297,354900
4110,2011-06-21,10.136667251586914,467700
4111,2011-06-22,10.216667175292969,757800
4112,2011-06-23,10.366666793823242,638400
4113,2011-06-24,10.526666641235352,1362900
4114,2011-06-27,10.623332977294922,738000
4115,2011-06-28,11.026666641235352,526500
4116,2011-06-29,11.043333053588867,623700
4117,2011-06-30,11.256667137145996,642000
4118,2011-07-01,11.303333282470703,457500
4119,2011-07-05,11.466667175292969,619500
4120,2011-07-06,11.763333320617676,663000
4121,2011-07-07,11.99666690826416,813000
4122,2011-07-08,11.979999542236328,417300
4123,2011-07-11,11.850000381469727,644100
4124,2011-07-12,11.853333473205566,567600
4125,2011-07-13,11.866666793823242,465600
4126,2011-07-14,11.743332862854004,317100
4127,2011-07-15,11.949999809265137,483900
4128,2011-07-18,11.65999984741211,354300
4129,2011-07-19,12.033332824707031,366600
4130,2011-07-20,11.84000015258789,359100
4131,2011-07-21,11.91333293914795,270000
4132,2011-07-22,11.923333168029785,268200
4133,2011-07-25,11.899999618530273,345300
4134,2011-07-26,12.5600004196167,1768200
4135,2011-07-27,12.300000190734863,1374600
4136,2011-07-28,12.149999618530273,956100
4137,2011-07-29,12.053333282470703,701700
4138,2011-08-01,12.020000457763672,612600
4139,2011-08-02,11.583333015441895,536100
4140,2011-08-03,11.600000381469727,723600
4141,2011-08-04,10.903332710266113,604200
4142,2011-08-05,10.616666793823242,843600
4143,2011-08-08,9.59333324432373,924000
4144,2011-08-09,10.270000457763672,1638900
4145,2011-08-10,9.59000015258789,1046100
4146,2011-08-11,10.116666793823242,1329000
4147,2011-08-12,10.09000015258789,761700
4148,2011-08-15,10.479999542236328,581400
4149,2011-08-16,10.350000381469727,594300
4150,2011-08-17,10.333333015441895,503100
4151,2011-08-18,9.566666603088379,941400
4152,2011-08-19,9.34000015258789,636000
4153,2011-08-22,9.25,523800
4154,2011-08-23,9.566666603088379,1154700
4155,2011-08-24,9.666666984558105,1077600
4156,2011-08-25,9.333333015441895,1601700
4157,2011-08-26,9.786666870117188,1210200
4158,2011-08-29,10.16333293914795,795300
4159,2011-08-30,10.0,586800
4160,2011-08-31,9.970000267028809,829500
4161,2011-09-01,9.683333396911621,741600
4162,2011-09-02,9.333333015441895,624000
4163,2011-09-06,9.106666564941406,1049700
4164,2011-09-07,9.356666564941406,1310700
4165,2011-09-08,9.166666984558105,1240200
4166,2011-09-09,8.779999732971191,1307700
4167,2011-09-12,8.970000267028809,905100
4168,2011-09-13,9.069999694824219,586800
4169,2011-09-14,9.74666690826416,1581600
4170,2011-09-15,9.90666675567627,1619700
4171,2011-09-16,10.076666831970215,1701300
4172,2011-09-19,10.023332595825195,896700
4173,2011-09-20,9.800000190734863,849000
4174,2011-09-21,9.529999732971191,699000
4175,2011-09-22,9.023332595825195,1289400
4176,2011-09-23,9.106666564941406,687000
4177,2011-09-26,9.19333267211914,829500
4178,2011-09-27,9.476667404174805,878700
4179,2011-09-28,9.220000267028809,928500
4180,2011-09-29,9.446666717529297,680100
4181,2011-09-30,9.180000305175781,818400
4182,2011-10-03,8.420000076293945,4104300
4183,2011-10-04,8.979999542236328,2257200
4184,2011-10-05,8.923333168029785,1053600
4185,2011-10-06,9.063332557678223,856200
4186,2011-10-07,8.84333324432373,809100
4187,2011-10-10,9.25,962400
4188,2011-10-11,9.33666706085205,845400
4189,2011-10-12,9.59000015258789,961200
4190,2011-10-13,9.453332901000977,1027500
4191,2011-10-14,9.566666603088379,780000
4192,2011-10-17,9.346667289733887,886500
4193,2011-10-18,9.493332862854004,1722900
4194,2011-10-19,9.449999809265137,877500
4195,2011-10-20,9.479999542236328,996000
4196,2011-10-21,9.416666984558105,891900
4197,2011-10-24,9.676667213439941,998100
4198,2011-10-25,9.686667442321777,960300
4199,2011-10-26,9.819999694824219,1003800
4200,2011-10-27,10.369999885559082,3702000
4201,2011-10-28,10.479999542236328,1535700
4202,2011-10-31,10.223333358764648,1512900
4203,2011-11-01,10.09000015258789,1658700
4204,2011-11-02,10.106666564941406,1235400
4205,2011-11-03,10.430000305175781,911100
4206,2011-11-04,10.416666984558105,416400
4207,2011-11-07,10.416666984558105,532500
4208,2011-11-08,10.59000015258789,533100
4209,2011-11-09,9.993332862854004,741900
4210,2011-11-10,10.020000457763672,622500
4211,2011-11-11,10.229999542236328,453000
4212,2011-11-14,10.223333358764648,679500
4213,2011-11-15,10.44333267211914,835200
4214,2011-11-16,10.256667137145996,550500
4215,2011-11-17,10.079999923706055,864900
4216,2011-11-18,10.026666641235352,745500
4217,2011-11-21,9.903332710266113,668400
4218,2011-11-22,9.829999923706055,453600
4219,2011-11-23,9.34333324432373,803400
4220,2011-11-25,9.1899995803833,321300
4221,2011-11-28,9.66333293914795,562800
4222,2011-11-29,9.520000457763672,753000
4223,2011-11-30,10.026666641235352,1143300
4224,2011-12-01,10.006667137145996,709200
4225,2011-12-02,9.90666675567627,621300
4226,2011-12-05,9.970000267028809,824700
4227,2011-12-06,9.973333358764648,523800
4228,2011-12-07,9.6899995803833,834900
4229,2011-12-08,9.646666526794434,873000
4230,2011-12-09,10.029999732971191,553200
4231,2011-12-12,9.890000343322754,538200
4232,2011-12-13,9.670000076293945,701400
4233,2011-12-14,9.4399995803833,462300
4234,2011-12-15,9.546667098999023,627600
4235,2011-12-16,9.723333358764648,1209000
4236,2011-12-19,9.516667366027832,588300
4237,2011-12-20,10.08666706085205,558000
4238,2011-12-21,9.66333293914795,588000
4239,2011-12-22,9.646666526794434,465000
4240,2011-12-23,9.850000381469727,309300
4241,2011-12-27,9.930000305175781,326400
4242,2011-12-28,9.74666690826416,525600
4243,2011-12-29,9.75,387300
4244,2011-12-30,9.546667098999023,531900
4245,2012-01-03,9.546667098999023,883800
4246,2012-01-04,9.486666679382324,551700
4247,2012-01-05,9.739999771118164,478800
4248,2012-01-06,9.649999618530273,400200
4249,2012-01-09,9.516667366027832,383400
4250,2012-01-10,9.643333435058594,504600
4251,2012-01-11,9.569999694824219,420000
4252,2012-01-12,9.49666690826416,422700
4253,2012-01-13,9.40999984741211,720900
4254,2012-01-17,9.603333473205566,443700
4255,2012-01-18,9.986666679382324,554400
4256,2012-01-19,10.09000015258789,342900
4257,2012-01-20,10.363332748413086,620100
4258,2012-01-23,10.1899995803833,422400
4259,2012-01-24,10.420000076293945,499200
4260,2012-01-25,10.446666717529297,523500
4261,2012-01-26,10.399999618530273,365400
4262,2012-01-27,10.573332786560059,362700
4263,2012-01-30,10.233332633972168,603600
4264,2012-01-31,10.126667022705078,651600
4265,2012-02-01,10.646666526794434,833400
4266,2012-02-02,10.49666690826416,756900
4267,2012-02-03,11.703332901000977,3150900
4268,2012-02-06,11.853333473205566,2787600
4269,2012-02-07,11.880000114440918,1431300
4270,2012-02-08,11.90999984741211,1244100
4271,2012-02-09,12.016667366027832,1245900
4272,2012-02-10,11.823332786560059,4841100
4273,2012-02-13,11.803333282470703,2067900
4274,2012-02-14,12.023332595825195,5463300
4275,2012-02-15,12.050000190734863,2362800
4276,2012-02-16,12.079999923706055,1350300
4277,2012-02-17,12.066666603088379,930000
4278,2012-02-21,12.140000343322754,1871100
4279,2012-02-22,12.369999885559082,2752500
4280,2012-02-23,13.106666564941406,1858200
4281,2012-02-24,13.296667098999023,2410500
4282,2012-02-27,13.076666831970215,709800
4283,2012-02-28,12.859999656677246,870900
4284,2012-02-29,12.59333324432373,1281300
4285,2012-03-01,13.0,1219200
4286,2012-03-02,12.646666526794434,1138200
4287,2012-03-05,12.573332786560059,775200
4288,2012-03-06,12.520000457763672,802800
4289,2012-03-07,12.683333396911621,733200
4290,2012-03-08,12.8100004196167,592200
4291,2012-03-09,13.053333282470703,671700
4292,2012-03-12,13.043333053588867,564900
4293,2012-03-13,13.289999961853027,540300
4294,2012-03-14,13.083333015441895,942300
4295,2012-03-15,13.196666717529297,864000
4296,2012-03-16,13.210000038146973,1268400
4297,2012-03-19,13.303333282470703,792900
4298,2012-03-20,13.233332633972168,696300
4299,2012-03-21,13.276666641235352,807300
4300,2012-03-22,13.119999885559082,927600
4301,2012-03-23,13.44333267211914,693300
4302,2012-03-26,13.873332977294922,847500
4303,2012-03-27,13.853333473205566,1162200
4304,2012-03-28,13.526666641235352,936900
4305,2012-03-29,13.539999961853027,554100
4306,2012-03-30,13.423333168029785,770700
4307,2012-04-02,13.50333309173584,694500
4308,2012-04-03,13.523332595825195,848400
4309,2012-04-04,13.34333324432373,676800
4310,2012-04-05,13.30666732788086,493500
4311,2012-04-09,13.103333473205566,756000
4312,2012-04-10,12.866666793823242,1089300
4313,2012-04-11,13.123332977294922,454500
4314,2012-04-12,13.300000190734863,407700
4315,2012-04-13,13.043333053588867,601200
4316,2012-04-16,13.046667098999023,570300
4317,2012-04-17,13.303333282470703,593100
4318,2012-04-18,13.373332977294922,860700
4319,2012-04-19,13.199999809265137,891900
4320,2012-04-20,13.289999961853027,594000
4321,2012-04-23,12.856666564941406,774000
4322,2012-04-24,12.75333309173584,1360500
4323,2012-04-25,13.083333015441895,543600
4324,2012-04-26,13.180000305175781,599100
4325,2012-04-27,13.333333015441895,1095600
4326,2012-04-30,13.286666870117188,1942500
4327,2012-05-01,13.350000381469727,1180200
4328,2012-05-02,13.350000381469727,1080600
4329,2012-05-03,13.363332748413086,1071000
4330,2012-05-04,12.9399995803833,1165200
4331,2012-05-07,13.173333168029785,1309200
4332,2012-05-08,13.026666641235352,1690200
4333,2012-05-09,12.779999732971191,1415400
4334,2012-05-10,13.206666946411133,1425000
4335,2012-05-11,13.470000267028809,924900
4336,2012-05-14,13.423333168029785,981000
4337,2012-05-15,13.373332977294922,927900
4338,2012-05-16,13.33666706085205,997500
4339,2012-05-17,13.126667022705078,1422600
4340,2012-05-18,12.956666946411133,1027800
4341,2012-05-21,13.223333358764648,1297500
4342,2012-05-22,13.34000015258789,1423800
4343,2012-05-23,13.476667404174805,1410000
4344,2012-05-24,13.366666793823242,1012800
4345,2012-05-25,13.34333324432373,652800
4346,2012-05-29,13.33666706085205,744600
4347,2012-05-30,12.983332633972168,951600
4348,2012-05-31,12.729999542236328,1079700
4349,2012-06-01,12.313332557678223,1089600
4350,2012-06-04,12.41333293914795,646500
4351,2012-06-05,12.506667137145996,650400
4352,2012-06-06,12.893333435058594,747600
4353,2012-06-07,12.90666675567627,561900
4354,2012-06-08,13.180000305175781,482700
4355,2012-06-11,12.893333435058594,984900
4356,2012-06-12,13.036666870117188,576900
4357,2012-06-13,12.90666675567627,670200
4358,2012-06-14,13.203332901000977,901500
4359,2012-06-15,13.516667366027832,1462800
4360,2012-06-18,13.99666690826416,1897800
4361,2012-06-19,14.0,1215900
4362,2012-06-20,14.239999771118164,932100
4363,2012-06-21,13.803333282470703,838500
4364,2012-06-22,14.19333267211914,1716900
4365,2012-06-25,13.933333396911621,437400
4366,2012-06-26,14.203332901000977,402000
4367,2012-06-27,14.476667404174805,462300
4368,2012-06-28,14.376667022705078,693300
4369,2012-06-29,14.736666679382324,990900
4370,2012-07-02,15.036666870117188,751800
4371,2012-07-03,15.326666831970215,334500
4372,2012-07-05,15.433333396911621,707400
4373,2012-07-06,15.170000076293945,831300
4374,2012-07-09,15.243332862854004,639000
4375,2012-07-10,14.873332977294922,1774200
4376,2012-07-11,14.9399995803833,902100
4377,2012-07-12,15.0,920100
4378,2012-07-13,15.513333320617676,1194600
4379,2012-07-16,15.346667289733887,398100
4380,2012-07-17,14.989999771118164,1764900
4381,2012-07-18,14.916666984558105,1329300
4382,2012-07-19,14.970000267028809,539700
4383,2012-07-20,14.713333129882812,660600
4384,2012-07-23,14.576666831970215,496800
4385,2012-07-24,14.273332595825195,573000
4386,2012-07-25,14.476667404174805,713700
4387,2012-07-26,13.5600004196167,4348800
4388,2012-07-27,14.473333358764648,2082900
4389,2012-07-30,14.59333324432373,1056600
4390,2012-07-31,14.670000076293945,1344300
4391,2012-08-01,14.4399995803833,961500
4392,2012-08-02,14.466667175292969,809700
4393,2012-08-03,15.076666831970215,568800
4394,2012-08-06,15.24666690826416,571200
4395,2012-08-07,15.353333473205566,699300
4396,2012-08-08,15.243332862854004,656400
4397,2012-08-09,15.130000114440918,424500
4398,2012-08-10,15.013333320617676,824100
4399,2012-08-13,15.0,806100
4400,2012-08-14,14.869999885559082,417600
4401,2012-08-15,14.726667404174805,927900
4402,2012-08-16,14.993332862854004,495900
4403,2012-08-17,15.023332595825195,755700
4404,2012-08-20,14.893333435058594,381900
4405,2012-08-21,14.873332977294922,424500
4406,2012-08-22,14.75,677100
4407,2012-08-23,14.600000381469727,798600
4408,2012-08-24,14.803333282470703,416100
4409,2012-08-27,14.9399995803833,482700
4410,2012-08-28,14.976667404174805,849600
4411,2012-08-29,14.936667442321777,579600
4412,2012-08-30,14.58666706085205,611100
4413,2012-08-31,14.460000038146973,582000
4414,2012-09-04,15.013333320617676,528000
4415,2012-09-05,14.930000305175781,653400
4416,2012-09-06,15.186667442321777,766200
4417,2012-09-07,15.216667175292969,328200
4418,2012-09-10,15.130000114440918,306000
4419,2012-09-11,15.053333282470703,494100
4420,2012-09-12,14.956666946411133,611100
4421,2012-09-13,15.069999694824219,1209000
4422,2012-09-14,15.116666793823242,1273200
4423,2012-09-17,14.720000267028809,904800
4424,2012-09-18,14.483332633972168,839400
4425,2012-09-19,14.236666679382324,750000
4426,2012-09-20,14.196666717529297,463800
4427,2012-09-21,14.359999656677246,1034100
4428,2012-09-24,14.326666831970215,574200
4429,2012-09-25,13.956666946411133,701400
4430,2012-09-26,13.896666526794434,528300
4431,2012-09-27,14.223333358764648,759000
4432,2012-09-28,14.08666706085205,960000
4433,2012-10-01,13.643333435058594,2003100
4434,2012-10-02,14.066666603088379,1155000
4435,2012-10-03,14.08666706085205,398700
4436,2012-10-04,14.216667175292969,596700
4437,2012-10-05,13.956666946411133,675900
4438,2012-10-08,13.833333015441895,384000
4439,2012-10-09,13.50333309173584,774900
4440,2012-10-10,13.596667289733887,587100
4441,2012-10-11,13.703332901000977,450000
4442,2012-10-12,13.393333435058594,499200
4443,2012-10-15,13.59333324432373,343200
4444,2012-10-16,13.6899995803833,318600
4445,2012-10-17,13.613332748413086,398700
4446,2012-10-18,13.433333396911621,503100
4447,2012-10-19,13.30666732788086,633900
4448,2012-10-22,13.233332633972168,1078500
4449,2012-10-23,13.133333206176758,903000
4450,2012-10-24,13.130000114440918,308700
4451,2012-10-25,12.956666946411133,797100
4452,2012-10-26,13.103333473205566,332400
4453,2012-10-31,13.033332824707031,402300
4454,2012-11-01,13.203332901000977,1501200
4455,2012-11-02,12.676667213439941,1119900
4456,2012-11-05,12.729999542236328,1056900
4457,2012-11-06,13.313332557678223,987600
4458,2012-11-07,12.896666526794434,833400
4459,2012-11-08,12.789999961853027,1178400
4460,2012-11-09,14.420000076293945,3783000
4461,2012-11-12,14.173333168029785,1237200
4462,2012-11-13,14.15666675567627,815100
4463,2012-11-14,14.15666675567627,818400
4464,2012-11-15,13.899999618530273,1012500
4465,2012-11-16,13.763333320617676,729600
4466,2012-11-19,13.923333168029785,432900
4467,2012-11-20,13.833333015441895,398700
4468,2012-11-21,13.84000015258789,490500
4469,2012-11-23,13.983332633972168,192000
4470,2012-11-26,14.486666679382324,997800
4471,2012-11-27,14.369999885559082,410400
4472,2012-11-28,14.49666690826416,438300
4473,2012-11-29,14.5,306900
4474,2012-11-30,14.369999885559082,552300
4475,2012-12-03,14.270000457763672,428400
4476,2012-12-04,14.366666793823242,307800
4477,2012-12-05,14.583333015441895,588300
4478,2012-12-06,14.526666641235352,361500
4479,2012-12-07,14.279999732971191,474000
4480,2012-12-10,14.323332786560059,430200
4481,2012-12-11,14.546667098999023,431700
4482,2012-12-12,14.286666870117188,486000
4483,2012-12-13,14.19333267211914,561000
4484,2012-12-14,14.270000457763672,500700
4485,2012-12-17,14.346667289733887,1080000
4486,2012-12-18,14.233332633972168,1153200
4487,2012-12-19,14.173333168029785,1202100
4488,2012-12-20,14.510000228881836,844500
4489,2012-12-21,14.630000114440918,1535400
4490,2012-12-24,14.473333358764648,575700
4491,2012-12-26,14.313332557678223,499500
4492,2012-12-27,14.423333168029785,588600
4493,2012-12-28,14.359999656677246,356700
4494,2012-12-31,14.563332557678223,586500
4495,2013-01-02,14.816666603088379,795300
4496,2013-01-03,14.896666526794434,565800
4497,2013-01-04,15.176667213439941,506700
4498,2013-01-07,15.186667442321777,373200
4499,2013-01-08,15.229999542236328,793500
4500,2013-01-09,15.34333324432373,789600
4501,2013-01-10,15.359999656677246,742800
4502,2013-01-11,15.483332633972168,454800
4503,2013-01-14,15.449999809265137,199500
4504,2013-01-15,15.08666706085205,729000
4505,2013-01-16,14.956666946411133,1013100
4506,2013-01-17,15.373332977294922,968400
4507,2013-01-18,15.579999923706055,727200
4508,2013-01-22,15.596667289733887,487200
4509,2013-01-23,15.416666984558105,305400
4510,2013-01-24,15.606666564941406,350100
4511,2013-01-25,15.616666793823242,321600
4512,2013-01-28,15.649999618530273,362400
4513,2013-01-29,15.829999923706055,377400
4514,2013-01-30,15.670000076293945,458400
4515,2013-01-31,15.846667289733887,684000
4516,2013-02-01,15.966667175292969,876000
4517,2013-02-04,15.793333053588867,688500
4518,2013-02-05,15.800000190734863,736500
4519,2013-02-06,15.963333129882812,609300
4520,2013-02-07,15.946666717529297,202800
4521,2013-02-08,16.083332061767578,222300
4522,2013-02-11,15.859999656677246,312900
4523,2013-02-12,16.00666618347168,298800
4524,2013-02-13,16.126667022705078,299400
4525,2013-02-14,15.756667137145996,565200
4526,2013-02-15,15.756667137145996,594000
4527,2013-02-19,16.093332290649414,316500
4528,2013-02-20,15.893333435058594,324900
4529,2013-02-21,15.463333129882812,572100
4530,2013-02-22,15.773332595825195,331500
4531,2013-02-25,15.34000015258789,638100
4532,2013-02-26,15.550000190734863,333900
4533,2013-02-27,15.65999984741211,492300
4534,2013-02-28,15.270000457763672,1812600
4535,2013-03-01,15.283332824707031,1218000
4536,2013-03-04,15.430000305175781,1326600
4537,2013-03-05,15.706666946411133,681300
4538,2013-03-06,15.65999984741211,583500
4539,2013-03-07,15.483332633972168,950400
4540,2013-03-08,15.673333168029785,648300
4541,2013-03-11,15.536666870117188,479700
4542,2013-03-12,15.59000015258789,533100
4543,2013-03-13,15.666666984558105,675000
4544,2013-03-14,15.893333435058594,2810700
4545,2013-03-15,16.123332977294922,1208100
4546,2013-03-18,15.90999984741211,808500
4547,2013-03-19,15.876667022705078,931500
4548,2013-03-20,16.149999618530273,487200
4549,2013-03-21,16.106666564941406,689700
4550,2013-03-22,16.06999969482422,398700
4551,2013-03-25,16.049999237060547,357600
4552,2013-03-26,16.183332443237305,331500
4553,2013-03-27,16.183332443237305,376500
4554,2013-03-28,16.286666870117188,747600
4555,2013-04-01,15.880000114440918,531900
4556,2013-04-02,15.699999809265137,312900
4557,2013-04-03,15.173333168029785,879300
4558,2013-04-04,15.25,810900
4559,2013-04-05,14.976667404174805,867000
4560,2013-04-08,15.046667098999023,447000
4561,2013-04-09,14.960000038146973,550800
4562,2013-04-10,15.430000305175781,697200
4563,2013-04-11,15.386667251586914,753000
4564,2013-04-12,15.58666706085205,663000
4565,2013-04-15,15.149999618530273,1887300
4566,2013-04-16,15.403332710266113,664800
4567,2013-04-17,15.166666984558105,662400
4568,2013-04-18,15.166666984558105,662400
4569,2013-04-19,15.25333309173584,478500
4570,2013-04-22,15.186667442321777,438000
4571,2013-04-23,15.399999618530273,500400
4572,2013-04-24,15.396666526794434,401700
4573,2013-04-25,15.539999961853027,210600
4574,2013-04-26,15.476667404174805,207000
4575,2013-04-29,15.49666690826416,422100
4576,2013-04-30,15.670000076293945,1807500
4577,2013-05-01,15.40999984741211,1008900
4578,2013-05-02,15.256667137145996,1633800
4579,2013-05-03,15.279999732971191,915600
4580,2013-05-06,15.373332977294922,476400
4581,2013-05-07,15.40999984741211,1023900
4582,2013-05-08,14.989999771118164,999600
4583,2013-05-09,14.826666831970215,955500
4584,2013-05-10,14.966667175292969,403200
4585,2013-05-13,14.903332710266113,435900
4586,2013-05-14,15.216667175292969,630300
4587,2013-05-15,15.143333435058594,823800
4588,2013-05-16,14.960000038146973,715200
4589,2013-05-17,15.069999694824219,1029600
4590,2013-05-20,15.050000190734863,511500
4591,2013-05-21,15.116666793823242,1017900
4592,2013-05-22,15.09333324432373,739200
4593,2013-05-23,15.113332748413086,651300
4594,2013-05-24,15.183333396911621,1111800
4595,2013-05-28,15.30666732788086,329100
4596,2013-05-29,15.323332786560059,585300
4597,2013-05-30,15.569999694824219,427200
4598,2013-05-31,15.50333309173584,471600
4599,2013-06-03,15.510000228881836,774900
4600,2013-06-04,15.236666679382324,534000
4601,2013-06-05,14.949999809265137,337200
4602,2013-06-06,15.020000457763672,529200
4603,2013-06-07,15.050000190734863,513600
4604,2013-06-10,14.8100004196167,545700
4605,2013-06-11,14.303333282470703,1123200
4606,2013-06-12,14.300000190734863,653700
4607,2013-06-13,14.523332595825195,582000
4608,2013-06-14,14.546667098999023,442500
4609,2013-06-17,14.713333129882812,1058100
4610,2013-06-18,14.933333396911621,404700
4611,2013-06-19,14.973333358764648,809100
4612,2013-06-20,15.0,957000
4613,2013-06-21,15.00333309173584,3074100
4614,2013-06-24,14.976667404174805,1165800
4615,2013-06-25,15.026666641235352,778200
4616,2013-06-26,15.00333309173584,578100
4617,2013-06-27,15.353333473205566,657300
4618,2013-06-28,15.493332862854004,1363500
4619,2013-07-01,15.65999984741211,465000
4620,2013-07-02,15.523332595825195,614700
4621,2013-07-03,15.606666564941406,309000
4622,2013-07-05,15.713333129882812,330000
4623,2013-07-08,15.653332710266113,447600
4624,2013-07-09,15.90666675567627,452700
4625,2013-07-10,16.066667556762695,310800
4626,2013-07-11,15.833333015441895,864600
4627,2013-07-12,15.880000114440918,372600
4628,2013-07-15,15.800000190734863,475500
4629,2013-07-16,15.770000457763672,698400
4630,2013-07-17,15.833333015441895,486300
4631,2013-07-18,15.823332786560059,461100
4632,2013-07-19,15.800000190734863,636600
4633,2013-07-22,15.75333309173584,526200
4634,2013-07-23,15.699999809265137,415800
4635,2013-07-24,15.726667404174805,751800
4636,2013-07-25,16.040000915527344,581100
4637,2013-07-26,15.710000038146973,654300
4638,2013-07-29,15.696666717529297,648600
4639,2013-07-30,15.729999542236328,261300
4640,2013-07-31,15.783332824707031,1136100
4641,2013-08-01,16.226667404174805,920700
4642,2013-08-02,16.196666717529297,600300
4643,2013-08-05,16.49333381652832,529200
4644,2013-08-06,16.406667709350586,467100
4645,2013-08-07,16.18000030517578,1149600
4646,2013-08-08,16.1299991607666,5337000
4647,2013-08-09,16.25,743700
4648,2013-08-12,17.166667938232422,2766600
4649,2013-08-13,16.773332595825195,1368600
4650,2013-08-14,16.856666564941406,710700
4651,2013-08-15,16.5,806400
4652,2013-08-16,16.31333351135254,754200
4653,2013-08-19,16.329999923706055,987300
4654,2013-08-20,16.39666748046875,901200
4655,2013-08-21,16.219999313354492,770400
4656,2013-08-22,16.446666717529297,257700
4657,2013-08-23,16.446666717529297,293700
4658,2013-08-26,16.389999389648438,430800
4659,2013-08-27,16.25666618347168,673500
4660,2013-08-28,16.343332290649414,1515300
4661,2013-08-29,16.613332748413086,1119300
4662,2013-08-30,16.22333335876465,739500
4663,2013-09-03,16.329999923706055,1329300
4664,2013-09-04,16.566667556762695,935400
4665,2013-09-05,16.463333129882812,741300
4666,2013-09-06,16.3700008392334,2913300
4667,2013-09-09,16.46666717529297,4881600
4668,2013-09-10,16.546667098999023,1312500
4669,2013-09-11,17.200000762939453,1087500
4670,2013-09-12,17.110000610351562,1131600
4671,2013-09-13,17.166667938232422,738900
4672,2013-09-16,17.106666564941406,635100
4673,2013-09-17,17.336666107177734,612900
4674,2013-09-18,17.440000534057617,393300
4675,2013-09-19,17.433332443237305,456300
4676,2013-09-20,17.6299991607666,1494600
4677,2013-09-23,17.670000076293945,674400
4678,2013-09-24,17.81333351135254,940500
4679,2013-09-25,17.856666564941406,692700
4680,2013-09-26,17.989999771118164,466800
4681,2013-09-27,18.030000686645508,791700
4682,2013-09-30,18.020000457763672,857400
4683,2013-10-01,18.34000015258789,1515600
4684,2013-10-02,18.39666748046875,728100
4685,2013-10-03,18.196666717529297,983400
4686,2013-10-04,18.06999969482422,647100
4687,2013-10-07,17.916667938232422,921300
4688,2013-10-08,17.5,607500
4689,2013-10-09,17.3700008392334,1084200
4690,2013-10-10,18.0,522900
4691,2013-10-11,18.163333892822266,673500
4692,2013-10-14,18.40333366394043,555000
4693,2013-10-15,18.066667556762695,587700
4694,2013-10-16,18.149999618530273,419700
4695,2013-10-17,18.296667098999023,887100
4696,2013-10-18,18.663333892822266,939000
4697,2013-10-21,18.613332748413086,752100
4698,2013-10-22,18.683332443237305,763200
4699,2013-10-23,18.649999618530273,718800
4700,2013-10-24,18.643333435058594,617100
4701,2013-10-25,18.649999618530273,343800
4702,2013-10-28,18.60333251953125,520800
4703,2013-10-29,18.6200008392334,645900
4704,2013-10-30,18.446666717529297,681300
4705,2013-10-31,18.373332977294922,1299600
4706,2013-11-01,17.883333206176758,1206900
4707,2013-11-04,17.860000610351562,1525500
4708,2013-11-05,17.770000457763672,1188900
4709,2013-11-06,17.57666778564453,1239900
4710,2013-11-07,19.053333282470703,3223800
4711,2013-11-08,19.8700008392334,1814100
4712,2013-11-11,19.953332901000977,1720200
4713,2013-11-12,20.356666564941406,841200
4714,2013-11-13,20.633333206176758,976200
4715,2013-11-14,20.626667022705078,847800
4716,2013-11-15,20.829999923706055,924300
4717,2013-11-18,20.916667938232422,965100
4718,2013-11-19,21.030000686645508,1083000
4719,2013-11-20,20.913333892822266,612600
4720,2013-11-21,21.21666717529297,448200
4721,2013-11-22,21.209999084472656,428400
4722,2013-11-25,21.260000228881836,659700
4723,2013-11-26,21.32666778564453,538500
4724,2013-11-27,21.566667556762695,607200
4725,2013-11-29,21.510000228881836,314100
4726,2013-12-02,21.22333335876465,1105200
4727,2013-12-03,21.336666107177734,874200
4728,2013-12-04,21.376667022705078,596700
4729,2013-12-05,21.42333221435547,468300
4730,2013-12-06,21.489999771118164,524400
4731,2013-12-09,21.136667251586914,1105800
4732,2013-12-10,20.99333381652832,634500
4733,2013-12-11,20.600000381469727,686100
4734,2013-12-12,20.51333236694336,714300
4735,2013-12-13,20.520000457763672,804300
4736,2013-12-16,20.950000762939453,866700
4737,2013-12-17,20.956666946411133,818700
4738,2013-12-18,21.030000686645508,569400
4739,2013-12-19,20.99333381652832,597000
4740,2013-12-20,21.503332138061523,2027700
4741,2013-12-23,21.53333282470703,892800
4742,2013-12-24,21.413333892822266,402300
4743,2013-12-26,21.35333251953125,934500
4744,2013-12-27,21.47333335876465,603900
4745,2013-12-30,21.520000457763672,686700
4746,2013-12-31,21.666667938232422,1175700
4747,2014-01-02,21.0,1234500
4748,2014-01-03,21.446666717529297,1455600
4749,2014-01-06,21.053333282470703,577800
4750,2014-01-07,21.433332443237305,882000
4751,2014-01-08,21.049999237060547,1094400
4752,2014-01-09,21.036666870117188,714600
4753,2014-01-10,21.123332977294922,723900
4754,2014-01-13,20.82666778564453,575100
4755,2014-01-14,21.209999084472656,577200
4756,2014-01-15,21.280000686645508,512400
4757,2014-01-16,21.246667861938477,618600
4758,2014-01-17,21.17333221435547,497700
4759,2014-01-21,21.233333587646484,786300
4760,2014-01-22,21.446666717529297,444900
4761,2014-01-23,21.113332748413086,647400
4762,2014-01-24,20.293333053588867,1031100
4763,2014-01-27,20.023332595825195,1348200
4764,2014-01-28,20.406667709350586,931500
4765,2014-01-29,20.126667022705078,706800
4766,2014-01-30,20.476667404174805,585600
4767,2014-01-31,20.203332901000977,592200
4768,2014-02-03,19.35333251953125,1395600
4769,2014-02-04,19.523332595825195,994200
4770,2014-02-05,19.489999771118164,738300
4771,2014-02-06,19.690000534057617,519600
4772,2014-02-07,19.73666763305664,568500
4773,2014-02-10,18.43000030517578,3033600
4774,2014-02-11,18.67333221435547,1881600
4775,2014-02-12,18.793333053588867,1136100
4776,2014-02-13,19.133333206176758,1314900
4777,2014-02-14,19.149999618530273,834900
4778,2014-02-18,19.530000686645508,1266000
4779,2014-02-19,19.67333221435547,929100
4780,2014-02-20,19.856666564941406,1020600
4781,2014-02-21,19.65333366394043,1482000
4782,2014-02-24,19.69333267211914,1294500
4783,2014-02-25,19.503332138061523,927300
4784,2014-02-26,19.329999923706055,1650300
4785,2014-02-27,19.886667251586914,2250300
4786,2014-02-28,20.010000228881836,1383300
4787,2014-03-03,20.149999618530273,1545900
4788,2014-03-04,20.773332595825195,1253100
4789,2014-03-05,20.956666946411133,1207200
4790,2014-03-06,20.85333251953125,744600
4791,2014-03-07,20.969999313354492,690600
4792,2014-03-10,20.84666633605957,586800
4793,2014-03-11,20.78333282470703,834300
4794,2014-03-12,20.84666633605957,679200
4795,2014-03-13,20.053333282470703,1104300
4796,2014-03-14,20.06999969482422,830700
4797,2014-03-17,20.010000228881836,1214700
4798,2014-03-18,20.22333335876465,761100
4799,2014-03-19,20.133333206176758,631500
4800,2014-03-20,20.309999465942383,397200
4801,2014-03-21,20.1299991607666,888300
4802,2014-03-24,20.049999237060547,662700
4803,2014-03-25,20.06333351135254,469200
4804,2014-03-26,19.77666664123535,802200
4805,2014-03-27,19.483333587646484,672300
4806,2014-03-28,19.5,732000
4807,2014-03-31,19.729999542236328,686700
4808,2014-04-01,20.15333366394043,868500
4809,2014-04-02,20.3799991607666,744300
4810,2014-04-03,20.14666748046875,416100
4811,2014-04-04,19.516666412353516,786900
4812,2014-04-07,19.01333236694336,944700
4813,2014-04-08,19.149999618530273,729000
4814,2014-04-09,19.35333251953125,511800
4815,2014-04-10,19.1299991607666,962100
4816,2014-04-11,18.733333587646484,612900
4817,2014-04-14,18.84666633605957,392100
4818,2014-04-15,19.053333282470703,610800
4819,2014-04-16,19.200000762939453,395700
4820,2014-04-17,19.24333381652832,542700
4821,2014-04-21,19.166667938232422,362700
4822,2014-04-22,19.69333267211914,501300
4823,2014-04-23,19.726667404174805,515400
4824,2014-04-24,19.43666648864746,489000
4825,2014-04-25,18.933332443237305,532500
4826,2014-04-28,18.84666633605957,738000
4827,2014-04-29,18.73666763305664,2258400
4828,2014-04-30,19.049999237060547,851700
4829,2014-05-01,18.670000076293945,1632300
4830,2014-05-02,18.649999618530273,876000
4831,2014-05-05,18.25,858000
4832,2014-05-06,18.010000228881836,703200
4833,2014-05-07,17.940000534057617,824100
4834,2014-05-08,17.616666793823242,580800
4835,2014-05-09,17.89666748046875,426000
4836,2014-05-12,18.643333435058594,959400
4837,2014-05-13,18.399999618530273,1077900
4838,2014-05-14,17.860000610351562,526500
4839,2014-05-15,17.773332595825195,701700
4840,2014-05-16,17.92333221435547,669300
4841,2014-05-19,18.24333381652832,405900
4842,2014-05-20,17.773332595825195,946200
4843,2014-05-21,17.753332138061523,469800
4844,2014-05-22,17.706666946411133,544500
4845,2014-05-23,18.016666412353516,460500
4846,2014-05-27,18.190000534057617,560700
4847,2014-05-28,18.18666648864746,743700
4848,2014-05-29,18.309999465942383,653400
4849,2014-05-30,18.10333251953125,545400
4850,2014-06-02,17.793333053588867,532800
4851,2014-06-03,17.836666107177734,549000
4852,2014-06-04,17.81333351135254,361200
4853,2014-06-05,18.093332290649414,446400
4854,2014-06-06,18.43000030517578,482400
4855,2014-06-09,18.68000030517578,894000
4856,2014-06-10,18.856666564941406,682500
4857,2014-06-11,18.863332748413086,614700
4858,2014-06-12,18.746667861938477,588900
4859,2014-06-13,18.883333206176758,483300
4860,2014-06-16,18.75666618347168,524700
4861,2014-06-17,18.793333053588867,758400
4862,2014-06-18,18.46666717529297,735900
4863,2014-06-19,18.416667938232422,626100
4864,2014-06-20,18.75,1126500
4865,2014-06-23,18.74333381652832,586800
4866,2014-06-24,18.416667938232422,577800
4867,2014-06-25,18.290000915527344,609300
4868,2014-06-26,18.156667709350586,387600
4869,2014-06-27,18.32666778564453,2191200
4870,2014-06-30,18.610000610351562,769800
4871,2014-07-01,19.376667022705078,1074000
4872,2014-07-02,19.22333335876465,546000
4873,2014-07-03,19.366666793823242,303300
4874,2014-07-07,19.023332595825195,350100
4875,2014-07-08,18.666667938232422,681300
4876,2014-07-09,18.65333366394043,318900
4877,2014-07-10,18.489999771118164,586500
4878,2014-07-11,18.360000610351562,284100
4879,2014-07-14,18.549999237060547,342400
4880,2014-07-15,18.06999969482422,576100
4881,2014-07-16,17.6200008392334,1001400
4882,2014-07-17,17.389999389648438,930400
4883,2014-07-18,17.75,1312800
4884,2014-07-21,17.790000915527344,543800
4885,2014-07-22,18.110000610351562,537100
4886,2014-07-23,17.850000381469727,476500
4887,2014-07-24,17.790000915527344,403400
4888,2014-07-25,17.709999084472656,674800
4889,2014-07-28,17.81999969482422,577800
4890,2014-07-29,18.06999969482422,565100
4891,2014-07-30,18.469999313354492,1027500
4892,2014-07-31,18.739999771118164,1225400
4893,2014-08-01,18.760000228881836,1241000
4894,2014-08-04,18.459999084472656,622200
4895,2014-08-05,18.639999389648438,410500
4896,2014-08-06,18.520000457763672,719800
4897,2014-08-07,18.43000030517578,583300
4898,2014-08-08,18.610000610351562,368600
4899,2014-08-11,19.0,723400
4900,2014-08-12,18.489999771118164,276400
4901,2014-08-13,18.469999313354492,449700
4902,2014-08-14,18.579999923706055,360200
4903,2014-08-15,18.700000762939453,575600
4904,2014-08-18,19.0,681100
4905,2014-08-19,19.18000030517578,419700
4906,2014-08-20,19.06999969482422,450800
4907,2014-08-21,19.049999237060547,318800
4908,2014-08-22,19.079999923706055,371900
4909,2014-08-25,19.100000381469727,407000
4910,2014-08-26,19.549999237060547,415800
4911,2014-08-27,19.389999389648438,422500
4912,2014-08-28,19.25,333500
4913,2014-08-29,19.469999313354492,417500
4914,2014-09-02,19.989999771118164,729600
4915,2014-09-03,19.450000762939453,688400
4916,2014-09-04,19.389999389648438,258700
4917,2014-09-05,19.489999771118164,278900
4918,2014-09-08,19.610000610351562,378400
4919,2014-09-09,19.190000534057617,315100
4920,2014-09-10,19.3799991607666,258000
4921,2014-09-11,19.84000015258789,553900
4922,2014-09-12,19.5,438500
4923,2014-09-15,19.440000534057617,363900
4924,2014-09-16,19.229999542236328,699500
4925,2014-09-17,19.059999465942383,376700
4926,2014-09-18,19.15999984741211,355400
4927,2014-09-19,18.700000762939453,794700
4928,2014-09-22,18.329999923706055,404300
4929,2014-09-23,18.190000534057617,490900
4930,2014-09-24,18.670000076293945,497900
4931,2014-09-25,18.280000686645508,569400
4932,2014-09-26,18.540000915527344,406600
4933,2014-09-29,18.760000228881836,656900
4934,2014-09-30,18.760000228881836,1268900
4935,2014-10-01,18.40999984741211,974800
4936,2014-10-02,18.790000915527344,461100
4937,2014-10-03,19.15999984741211,622600
4938,2014-10-06,18.940000534057617,557900
4939,2014-10-07,18.239999771118164,712000
4940,2014-10-08,18.479999542236328,538800
4941,2014-10-09,17.950000762939453,474700
4942,2014-10-10,17.649999618530273,523300
4943,2014-10-13,17.81999969482422,576900
4944,2014-10-14,18.110000610351562,668700
4945,2014-10-15,18.350000381469727,786200
4946,2014-10-16,17.989999771118164,1015700
4947,2014-10-17,17.780000686645508,686500
4948,2014-10-20,17.780000686645508,761200
4949,2014-10-21,18.299999237060547,666000
4950,2014-10-22,18.040000915527344,508300
4951,2014-10-23,18.40999984741211,504700
4952,2014-10-24,18.450000762939453,351300
4953,2014-10-27,18.540000915527344,467600
4954,2014-10-28,19.020000457763672,731400
4955,2014-10-29,19.270000457763672,1372100
4956,2014-10-30,19.200000762939453,1839200
4957,2014-10-31,19.239999771118164,1947800
4958,2014-11-03,18.969999313354492,2541600
4959,2014-11-04,18.610000610351562,774400
4960,2014-11-05,18.479999542236328,454100
4961,2014-11-06,18.610000610351562,719800
4962,2014-11-07,18.520000457763672,640300
4963,2014-11-10,18.540000915527344,602600
4964,2014-11-11,18.40999984741211,451200
4965,2014-11-12,18.520000457763672,448100
4966,2014-11-13,18.8799991607666,825100
4967,2014-11-14,19.270000457763672,1030300
4968,2014-11-17,19.5,794700
4969,2014-11-18,19.719999313354492,1004600
4970,2014-11-19,19.489999771118164,941400
4971,2014-11-20,19.5,550300
4972,2014-11-21,19.610000610351562,624000
4973,2014-11-24,19.780000686645508,435800
4974,2014-11-25,19.670000076293945,615100
4975,2014-11-26,19.520000457763672,789500
4976,2014-11-28,19.450000762939453,517400
4977,2014-12-01,19.3799991607666,815700
4978,2014-12-02,19.399999618530273,397100
4979,2014-12-03,19.309999465942383,566300
4980,2014-12-04,19.059999465942383,1471000
4981,2014-12-05,19.239999771118164,301700
4982,2014-12-08,18.8799991607666,603300
4983,2014-12-09,19.190000534057617,694000
4984,2014-12-10,18.850000381469727,613100
4985,2014-12-11,19.059999465942383,499900
4986,2014-12-12,18.90999984741211,538500
4987,2014-12-15,18.860000610351562,697700
4988,2014-12-16,19.09000015258789,908200
4989,2014-12-17,19.469999313354492,777200
4990,2014-12-18,20.139999389648438,606500
4991,2014-12-19,20.020000457763672,1413100
4992,2014-12-22,20.40999984741211,321200
4993,2014-12-23,20.639999389648438,368900
4994,2014-12-24,20.760000228881836,159700
4995,2014-12-26,20.770000457763672,358200
4996,2014-12-29,20.579999923706055,413600
4997,2014-12-30,20.56999969482422,383900
4998,2014-12-31,20.170000076293945,631000
4999,2015-01-02,19.709999084472656,895900
5000,2015-01-05,19.260000228881836,561800
5001,2015-01-06,18.950000762939453,653400
5002,2015-01-07,19.030000686645508,407500
5003,2015-01-08,19.010000228881836,854200
5004,2015-01-09,18.68000030517578,530200
5005,2015-01-12,18.440000534057617,601700
5006,2015-01-13,18.350000381469727,725800
5007,2015-01-14,18.469999313354492,861300
5008,2015-01-15,17.84000015258789,464600
5009,2015-01-16,18.260000228881836,413200
5010,2015-01-20,18.239999771118164,455800
5011,2015-01-21,18.200000762939453,417000
5012,2015-01-22,18.790000915527344,358200
5013,2015-01-23,18.850000381469727,793300
5014,2015-01-26,19.079999923706055,812100
5015,2015-01-27,18.670000076293945,692800
5016,2015-01-28,18.469999313354492,448100
5017,2015-01-29,18.799999237060547,380600
5018,2015-01-30,18.469999313354492,553000
5019,2015-02-02,18.799999237060547,529200
5020,2015-02-03,19.309999465942383,473700
5021,2015-02-04,19.469999313354492,387600
5022,2015-02-05,19.850000381469727,314200
5023,2015-02-06,19.989999771118164,395400
5024,2015-02-09,19.420000076293945,386300
5025,2015-02-10,19.670000076293945,253800
5026,2015-02-11,19.690000534057617,239100
5027,2015-02-12,20.059999465942383,285100
5028,2015-02-13,20.649999618530273,555600
5029,2015-02-17,20.270000457763672,562900
5030,2015-02-18,20.489999771118164,305600
5031,2015-02-19,20.450000762939453,207900
5032,2015-02-20,20.459999084472656,518300
5033,2015-02-23,20.389999389648438,341300
5034,2015-02-24,20.479999542236328,575100
5035,2015-02-25,20.450000762939453,506600
5036,2015-02-26,19.889999389648438,1341800
5037,2015-02-27,19.850000381469727,972200
5038,2015-03-02,20.469999313354492,1471600
5039,2015-03-03,20.149999618530273,749000
5040,2015-03-04,20.020000457763672,621200
5041,2015-03-05,20.149999618530273,401100
5042,2015-03-06,20.0,367900
5043,2015-03-09,20.06999969482422,293200
5044,2015-03-10,19.979999542236328,570100
5045,2015-03-11,20.139999389648438,565400
5046,2015-03-12,20.479999542236328,656100
5047,2015-03-13,20.299999237060547,405900
5048,2015-03-16,20.469999313354492,494700
5049,2015-03-17,20.309999465942383,672400
5050,2015-03-18,21.09000015258789,874200
5051,2015-03-19,21.43000030517578,446600
5052,2015-03-20,21.889999389648438,1907700
5053,2015-03-23,21.899999618530273,854900
5054,2015-03-24,21.860000610351562,597900
5055,2015-03-25,21.559999465942383,529600
5056,2015-03-26,21.520000457763672,579200
5057,2015-03-27,21.510000228881836,579600
5058,2015-03-30,21.6299991607666,366900
5059,2015-03-31,21.65999984741211,698500
5060,2015-04-01,21.639999389648438,570800
5061,2015-04-02,21.479999542236328,879400
5062,2015-04-06,21.760000228881836,636200
5063,2015-04-07,21.559999465942383,635200
5064,2015-04-08,21.709999084472656,547900
5065,2015-04-09,21.770000457763672,347700
5066,2015-04-10,21.65999984741211,446700
5067,2015-04-13,21.579999923706055,419500
5068,2015-04-14,21.700000762939453,301800
5069,2015-04-15,21.719999313354492,445600
5070,2015-04-16,21.770000457763672,357600
5071,2015-04-17,21.68000030517578,594800
5072,2015-04-20,22.020000457763672,502200
5073,2015-04-21,22.399999618530273,546500
5074,2015-04-22,22.170000076293945,522900
5075,2015-04-23,22.1299991607666,431700
5076,2015-04-24,22.270000457763672,442800
5077,2015-04-27,22.1200008392334,537900
5078,2015-04-28,22.25,652300
5079,2015-04-29,22.100000381469727,569700
5080,2015-04-30,23.030000686645508,1413300
5081,2015-05-01,23.020000457763672,992000
5082,2015-05-04,23.020000457763672,1447600
5083,2015-05-05,22.969999313354492,732700
5084,2015-05-06,23.209999084472656,648800
5085,2015-05-07,23.290000915527344,389400
5086,2015-05-08,23.489999771118164,343200
5087,2015-05-11,23.489999771118164,384300
5088,2015-05-12,23.510000228881836,316800
5089,2015-05-13,23.540000915527344,428600
5090,2015-05-14,23.920000076293945,405900
5091,2015-05-15,23.84000015258789,516600
5092,2015-05-18,24.149999618530273,390300
5093,2015-05-19,24.18000030517578,417500
5094,2015-05-20,24.1299991607666,338800
5095,2015-05-21,23.989999771118164,401800
5096,2015-05-22,23.790000915527344,484900
5097,2015-05-26,23.399999618530273,491100
5098,2015-05-27,23.969999313354492,455600
5099,2015-05-28,23.969999313354492,469300
5100,2015-05-29,23.809999465942383,392800
5101,2015-06-01,23.899999618530273,378400
5102,2015-06-02,23.829999923706055,358300
5103,2015-06-03,24.790000915527344,713200
5104,2015-06-04,24.31999969482422,767000
5105,2015-06-05,24.399999618530273,442900
5106,2015-06-08,24.420000076293945,504400
5107,2015-06-09,24.40999984741211,493500
5108,2015-06-10,24.90999984741211,698000
5109,2015-06-11,25.030000686645508,536500
5110,2015-06-12,25.350000381469727,764300
5111,2015-06-15,24.799999237060547,608800
5112,2015-06-16,25.239999771118164,536300
5113,2015-06-17,25.190000534057617,434700
5114,2015-06-18,25.479999542236328,850800
5115,2015-06-19,25.420000076293945,884900
5116,2015-06-22,25.59000015258789,391000
5117,2015-06-23,25.520000457763672,582400
5118,2015-06-24,25.309999465942383,455700
5119,2015-06-25,25.34000015258789,374200
5120,2015-06-26,25.1200008392334,842900
5121,2015-06-29,24.56999969482422,598000
5122,2015-06-30,24.56999969482422,1004300
5123,2015-07-01,24.399999618530273,753600
5124,2015-07-02,24.329999923706055,556300
5125,2015-07-06,23.8799991607666,919400
5126,2015-07-07,23.940000534057617,446300
5127,2015-07-08,23.700000762939453,1313900
5128,2015-07-09,23.6200008392334,672900
5129,2015-07-10,23.959999084472656,418500
5130,2015-07-13,24.0,487300
5131,2015-07-14,24.040000915527344,816400
5132,2015-07-15,23.989999771118164,673500
5133,2015-07-16,24.030000686645508,860000
5134,2015-07-17,24.1200008392334,2273100
5135,2015-07-20,24.309999465942383,612800
5136,2015-07-21,23.950000762939453,667600
5137,2015-07-22,23.989999771118164,440500
5138,2015-07-23,23.440000534057617,502200
5139,2015-07-24,22.860000610351562,735300
5140,2015-07-27,22.579999923706055,690100
5141,2015-07-28,22.25,1077000
5142,2015-07-29,22.40999984741211,956000
5143,2015-07-30,24.209999084472656,2050500
5144,2015-07-31,23.670000076293945,839500
5145,2015-08-03,23.479999542236328,744300
5146,2015-08-04,23.56999969482422,645800
5147,2015-08-05,23.1200008392334,733900
5148,2015-08-06,22.719999313354492,476800
5149,2015-08-07,22.68000030517578,450300
5150,2015-08-10,22.920000076293945,472400
5151,2015-08-11,22.6299991607666,434200
5152,2015-08-12,22.739999771118164,523700
5153,2015-08-13,22.709999084472656,324900
5154,2015-08-14,23.030000686645508,400600
5155,2015-08-17,23.170000076293945,308100
5156,2015-08-18,22.899999618530273,280900
5157,2015-08-19,22.649999618530273,359100
5158,2015-08-20,22.100000381469727,563300
5159,2015-08-21,21.889999389648438,752700
5160,2015-08-24,20.940000534057617,916300
5161,2015-08-25,20.719999313354492,761500
5162,2015-08-26,21.079999923706055,826100
5163,2015-08-27,21.06999969482422,865900
5164,2015-08-28,21.3799991607666,441000
5165,2015-08-31,21.329999923706055,363200
5166,2015-09-01,20.790000915527344,623400
5167,2015-09-02,21.3700008392334,560400
5168,2015-09-03,21.440000534057617,448800
5169,2015-09-04,21.100000381469727,256300
5170,2015-09-08,21.719999313354492,345600
5171,2015-09-09,21.420000076293945,389700
5172,2015-09-10,21.3799991607666,281000
5173,2015-09-11,21.540000915527344,264100
5174,2015-09-14,21.549999237060547,270900
5175,2015-09-15,21.889999389648438,383000
5176,2015-09-16,21.979999542236328,346400
5177,2015-09-17,22.040000915527344,353100
5178,2015-09-18,21.8799991607666,1061200
5179,2015-09-21,22.049999237060547,341900
5180,2015-09-22,21.81999969482422,352600
5181,2015-09-23,21.719999313354492,261100
5182,2015-09-24,21.68000030517578,355200
5183,2015-09-25,21.329999923706055,456400
5184,2015-09-28,21.079999923706055,401700
5185,2015-09-29,21.040000915527344,437900
5186,2015-09-30,21.1200008392334,546500
5187,2015-10-01,20.959999084472656,379700
5188,2015-10-02,21.1200008392334,350400
5189,2015-10-05,21.709999084472656,260500
5190,2015-10-06,21.719999313354492,532200
5191,2015-10-07,22.059999465942383,670600
5192,2015-10-08,22.559999465942383,293300
5193,2015-10-09,22.770000457763672,238000
5194,2015-10-12,22.850000381469727,209300
5195,2015-10-13,22.649999618530273,321100
5196,2015-10-14,22.350000381469727,271300
5197,2015-10-15,22.950000762939453,261600
5198,2015-10-16,23.229999542236328,293100
5199,2015-10-19,23.149999618530273,232200
5200,2015-10-20,23.059999465942383,171500
5201,2015-10-21,22.540000915527344,193600
5202,2015-10-22,23.399999618530273,227700
5203,2015-10-23,23.860000610351562,242300
5204,2015-10-26,23.760000228881836,238900
5205,2015-10-27,23.389999389648438,308900
5206,2015-10-28,24.360000610351562,614100
5207,2015-10-29,23.950000762939453,353100
5208,2015-10-30,23.950000762939453,271100
5209,2015-11-02,24.139999389648438,564400
5210,2015-11-03,24.1299991607666,392000
5211,2015-11-04,24.239999771118164,498800
5212,2015-11-05,23.350000381469727,1994100
5213,2015-11-06,24.25,619000
5214,2015-11-09,23.8700008392334,644500
5215,2015-11-10,24.1299991607666,346200
5216,2015-11-11,24.290000915527344,427800
5217,2015-11-12,23.889999389648438,334600
5218,2015-11-13,23.360000610351562,399600
5219,2015-11-16,23.559999465942383,210900
5220,2015-11-17,23.520000457763672,303700
5221,2015-11-18,23.639999389648438,368400
5222,2015-11-19,23.479999542236328,358400
5223,2015-11-20,23.280000686645508,616000
5224,2015-11-23,23.190000534057617,476600
5225,2015-11-24,23.190000534057617,552200
5226,2015-11-25,23.25,360800
5227,2015-11-27,23.43000030517578,198600
5228,2015-11-30,23.520000457763672,782100
5229,2015-12-01,23.579999923706055,549800
5230,2015-12-02,23.18000030517578,389400
5231,2015-12-03,23.040000915527344,398100
5232,2015-12-04,23.579999923706055,352900
5233,2015-12-07,22.940000534057617,289700
5234,2015-12-08,22.6200008392334,291900
5235,2015-12-09,22.260000228881836,301600
5236,2015-12-10,22.15999984741211,333700
5237,2015-12-11,21.75,370600
5238,2015-12-14,22.350000381469727,568700
5239,2015-12-15,22.959999084472656,384500
5240,2015-12-16,23.190000534057617,530700
5241,2015-12-17,23.059999465942383,462300
5242,2015-12-18,22.729999542236328,1713800
5243,2015-12-21,22.440000534057617,311700
5244,2015-12-22,22.459999084472656,459300
5245,2015-12-23,22.329999923706055,576800
5246,2015-12-24,22.219999313354492,382000
5247,2015-12-28,22.350000381469727,526800
5248,2015-12-29,22.440000534057617,424400
5249,2015-12-30,21.889999389648438,341500
5250,2015-12-31,21.399999618530273,754300
5251,2016-01-04,20.670000076293945,773100
5252,2016-01-05,20.600000381469727,577400
5253,2016-01-06,20.5,726300
5254,2016-01-07,19.600000381469727,528100
5255,2016-01-08,19.18000030517578,647800
5256,2016-01-11,19.18000030517578,559600
5257,2016-01-12,19.43000030517578,516400
5258,2016-01-13,18.809999465942383,1021700
5259,2016-01-14,19.360000610351562,573900
5260,2016-01-15,19.040000915527344,645600
5261,2016-01-19,18.709999084472656,665200
5262,2016-01-20,18.829999923706055,1011200
5263,2016-01-21,18.700000762939453,657300
5264,2016-01-22,18.90999984741211,673000
5265,2016-01-25,18.1299991607666,503800
5266,2016-01-26,18.010000228881836,704200
5267,2016-01-27,17.520000457763672,601900
5268,2016-01-28,17.440000534057617,605900
5269,2016-01-29,17.899999618530273,950500
5270,2016-02-01,18.09000015258789,605400
5271,2016-02-02,17.770000457763672,522000
5272,2016-02-03,17.799999237060547,559600
5273,2016-02-04,17.540000915527344,348600
5274,2016-02-05,16.6299991607666,624300
5275,2016-02-08,16.34000015258789,477200
5276,2016-02-09,16.229999542236328,948800
5277,2016-02-10,16.40999984741211,462100
5278,2016-02-11,16.40999984741211,436400
5279,2016-02-12,16.559999465942383,519200
5280,2016-02-16,17.0,480200
5281,2016-02-17,17.5,620500
5282,2016-02-18,17.739999771118164,682000
5283,2016-02-19,17.940000534057617,384800
5284,2016-02-22,18.389999389648438,665500
5285,2016-02-23,17.889999389648438,970500
5286,2016-02-24,18.329999923706055,994400
5287,2016-02-25,17.979999542236328,1509600
5288,2016-02-26,18.290000915527344,989200
5289,2016-02-29,18.65999984741211,944100
5290,2016-03-01,19.6299991607666,1528200
5291,2016-03-02,19.950000762939453,1356200
5292,2016-03-03,19.940000534057617,948500
5293,2016-03-04,20.18000030517578,643800
5294,2016-03-07,20.200000762939453,646200
5295,2016-03-08,19.889999389648438,1058900
5296,2016-03-09,19.6200008392334,671900
5297,2016-03-10,19.440000534057617,669200
5298,2016-03-11,20.059999465942383,621700
5299,2016-03-14,20.100000381469727,635500
5300,2016-03-15,20.18000030517578,720100
5301,2016-03-16,20.040000915527344,1019500
5302,2016-03-17,19.969999313354492,880000
5303,2016-03-18,20.020000457763672,1259100
5304,2016-03-21,19.979999542236328,525300
5305,2016-03-22,19.950000762939453,558300
5306,2016-03-23,19.260000228881836,781000
5307,2016-03-24,19.43000030517578,591100
5308,2016-03-28,19.09000015258789,776000
5309,2016-03-29,20.079999923706055,974200
5310,2016-03-30,20.309999465942383,712600
5311,2016-03-31,20.790000915527344,719900
5312,2016-04-01,20.799999237060547,495900
5313,2016-04-04,20.68000030517578,381800
5314,2016-04-05,20.3799991607666,425100
5315,2016-04-06,20.399999618530273,410700
5316,2016-04-07,19.850000381469727,364300
5317,2016-04-08,19.719999313354492,322300
5318,2016-04-11,19.469999313354492,376600
5319,2016-04-12,19.579999923706055,313100
5320,2016-04-13,20.290000915527344,457600
5321,2016-04-14,20.34000015258789,278200
5322,2016-04-15,20.3799991607666,415000
5323,2016-04-18,20.399999618530273,444000
5324,2016-04-19,20.5,332200
5325,2016-04-20,20.790000915527344,308000
5326,2016-04-21,20.700000762939453,397200
5327,2016-04-22,20.989999771118164,483000
5328,2016-04-25,20.6299991607666,524800
5329,2016-04-26,20.93000030517578,293900
5330,2016-04-27,20.709999084472656,287200
5331,2016-04-28,20.290000915527344,493700
5332,2016-04-29,19.989999771118164,326600
5333,2016-05-02,20.420000076293945,563100
5334,2016-05-03,20.059999465942383,303800
5335,2016-05-04,19.68000030517578,400300
5336,2016-05-05,19.440000534057617,401900
5337,2016-05-06,19.75,544000
5338,2016-05-09,20.1299991607666,321200
5339,2016-05-10,20.389999389648438,355200
5340,2016-05-11,20.260000228881836,471500
5341,2016-05-12,19.959999084472656,564100
5342,2016-05-13,19.760000228881836,459000
5343,2016-05-16,19.989999771118164,531800
5344,2016-05-17,19.3700008392334,409500
5345,2016-05-18,19.40999984741211,566500
5346,2016-05-19,19.020000457763672,449900
5347,2016-05-20,19.3700008392334,428100
5348,2016-05-23,19.440000534057617,292200
5349,2016-05-24,19.969999313354492,502900
5350,2016-05-25,19.93000030517578,409000
5351,2016-05-26,20.059999465942383,192800
5352,2016-05-27,20.43000030517578,374200
5353,2016-05-31,20.65999984741211,397900
5354,2016-06-01,20.790000915527344,285500
5355,2016-06-02,21.110000610351562,329500
5356,2016-06-03,20.93000030517578,263500
5357,2016-06-06,21.34000015258789,258300
5358,2016-06-07,21.729999542236328,459500
5359,2016-06-08,21.780000686645508,462300
5360,2016-06-09,21.729999542236328,287600
5361,2016-06-10,21.190000534057617,288600
5362,2016-06-13,20.809999465942383,333400
5363,2016-06-14,20.729999542236328,293000
5364,2016-06-15,20.75,348300
5365,2016-06-16,20.93000030517578,297500
5366,2016-06-17,20.520000457763672,1132900
5367,2016-06-20,20.850000381469727,307100
5368,2016-06-21,20.989999771118164,337700
5369,2016-06-22,20.790000915527344,350100
5370,2016-06-23,21.489999771118164,345400
5371,2016-06-24,19.90999984741211,650800
5372,2016-06-27,18.540000915527344,624700
5373,2016-06-28,18.719999313354492,512800
5374,2016-06-29,19.040000915527344,324500
5375,2016-06-30,19.510000228881836,429900
5376,2016-07-01,19.56999969482422,303300
5377,2016-07-05,19.06999969482422,258700
5378,2016-07-06,18.959999084472656,355300
5379,2016-07-07,18.979999542236328,238300
5380,2016-07-08,19.3799991607666,518000
5381,2016-07-11,19.549999237060547,406900
5382,2016-07-12,19.850000381469727,460400
5383,2016-07-13,19.670000076293945,351100
5384,2016-07-14,19.639999389648438,346900
5385,2016-07-15,19.68000030517578,377700
5386,2016-07-18,19.6299991607666,230800
5387,2016-07-19,19.639999389648438,240700
5388,2016-07-20,19.690000534057617,325600
5389,2016-07-21,19.309999465942383,244900
5390,2016-07-22,19.31999969482422,292000
5391,2016-07-25,19.15999984741211,345700
5392,2016-07-26,19.389999389648438,615100
5393,2016-07-27,19.6299991607666,492800
5394,2016-07-28,19.850000381469727,975600
5395,2016-07-29,19.809999465942383,620900
5396,2016-08-01,19.729999542236328,508900
5397,2016-08-02,18.989999771118164,455200
5398,2016-08-03,18.889999389648438,482100
5399,2016-08-04,18.600000381469727,287500
5400,2016-08-05,18.979999542236328,565900
5401,2016-08-08,18.84000015258789,397600
5402,2016-08-09,19.170000076293945,325000
5403,2016-08-10,19.100000381469727,461300
5404,2016-08-11,19.049999237060547,713700
5405,2016-08-12,18.68000030517578,322000
5406,2016-08-15,18.540000915527344,288500
5407,2016-08-16,18.15999984741211,430200
5408,2016-08-17,17.8700008392334,589000
5409,2016-08-18,17.920000076293945,640900
5410,2016-08-19,18.079999923706055,393200
5411,2016-08-22,18.0,182800
5412,2016-08-23,18.510000228881836,461200
5413,2016-08-24,18.549999237060547,349000
5414,2016-08-25,18.6299991607666,254400
5415,2016-08-26,18.760000228881836,286000
5416,2016-08-29,18.770000457763672,301000
5417,2016-08-30,19.0,226800
5418,2016-08-31,19.100000381469727,499300
5419,2016-09-01,19.229999542236328,387800
5420,2016-09-02,19.540000915527344,408300
5421,2016-09-06,19.389999389648438,269400
5422,2016-09-07,19.440000534057617,670000
5423,2016-09-08,19.1299991607666,388300
5424,2016-09-09,18.43000030517578,465400
5425,2016-09-12,18.84000015258789,350600
5426,2016-09-13,18.040000915527344,362400
5427,2016-09-14,17.969999313354492,197800
5428,2016-09-15,18.280000686645508,457100
5429,2016-09-16,18.15999984741211,639000
5430,2016-09-19,18.309999465942383,267600
5431,2016-09-20,18.299999237060547,224400
5432,2016-09-21,18.510000228881836,256800
5433,2016-09-22,18.969999313354492,435000
5434,2016-09-23,18.940000534057617,346600
5435,2016-09-26,18.690000534057617,393800
5436,2016-09-27,18.989999771118164,234400
5437,2016-09-28,19.299999237060547,284600
5438,2016-09-29,19.1200008392334,394900
5439,2016-09-30,19.3799991607666,557400
5440,2016-10-03,19.15999984741211,291900
5441,2016-10-04,19.489999771118164,285800
5442,2016-10-05,19.610000610351562,342700
5443,2016-10-06,19.709999084472656,214600
5444,2016-10-07,19.209999084472656,861400
5445,2016-10-10,19.40999984741211,255100
5446,2016-10-11,18.649999618530273,381600
5447,2016-10-12,18.739999771118164,283300
5448,2016-10-13,18.469999313354492,351700
5449,2016-10-14,19.0,717900
5450,2016-10-17,19.5,651100
5451,2016-10-18,19.729999542236328,343600
5452,2016-10-19,20.040000915527344,355100
5453,2016-10-20,19.709999084472656,472300
5454,2016-10-21,19.690000534057617,258500
5455,2016-10-24,19.829999923706055,259900
5456,2016-10-25,19.40999984741211,302700
5457,2016-10-26,19.100000381469727,289500
5458,2016-10-27,18.700000762939453,342500
5459,2016-10-28,18.5,478400
5460,2016-10-31,18.1200008392334,615400
5461,2016-11-01,19.010000228881836,1117800
5462,2016-11-02,18.1200008392334,745100
5463,2016-11-03,17.209999084472656,2408600
5464,2016-11-04,17.010000228881836,1068500
5465,2016-11-07,17.260000228881836,584500
5466,2016-11-08,17.219999313354492,459100
5467,2016-11-09,17.8700008392334,599900
5468,2016-11-10,18.0,651900
5469,2016-11-11,18.649999618530273,859600
5470,2016-11-14,18.530000686645508,415000
5471,2016-11-15,18.40999984741211,415300
5472,2016-11-16,18.610000610351562,332300
5473,2016-11-17,18.780000686645508,415600
5474,2016-11-18,18.75,544000
5475,2016-11-21,18.770000457763672,430400
5476,2016-11-22,19.270000457763672,356700
5477,2016-11-23,19.190000534057617,380700
5478,2016-11-25,19.350000381469727,118300
5479,2016-11-28,18.90999984741211,282300
5480,2016-11-29,18.719999313354492,365900
5481,2016-11-30,18.610000610351562,745600
5482,2016-12-01,18.040000915527344,505400
5483,2016-12-02,17.959999084472656,596300
5484,2016-12-05,18.440000534057617,624200
5485,2016-12-06,18.770000457763672,481200
5486,2016-12-07,19.270000457763672,383600
5487,2016-12-08,19.84000015258789,572500
5488,2016-12-09,19.84000015258789,544300
5489,2016-12-12,19.09000015258789,566200
5490,2016-12-13,18.739999771118164,721400
5491,2016-12-14,18.299999237060547,550700
5492,2016-12-15,18.200000762939453,620600
5493,2016-12-16,18.06999969482422,2739500
5494,2016-12-19,18.709999084472656,508300
5495,2016-12-20,18.65999984741211,497800
5496,2016-12-21,18.350000381469727,308900
5497,2016-12-22,17.979999542236328,353600
5498,2016-12-23,18.06999969482422,231100
5499,2016-12-27,18.3799991607666,209000
5500,2016-12-28,18.239999771118164,374400
5501,2016-12-29,18.329999923706055,246900
5502,2016-12-30,18.149999618530273,374700
5503,2017-01-03,18.559999465942383,531000
5504,2017-01-04,18.920000076293945,522800
5505,2017-01-05,18.93000030517578,449200
5506,2017-01-06,18.780000686645508,345100
5507,2017-01-09,18.8700008392334,439700
5508,2017-01-10,19.040000915527344,348700
5509,2017-01-11,19.110000610351562,377000
5510,2017-01-12,18.790000915527344,370600
5511,2017-01-13,19.09000015258789,270400
5512,2017-01-17,18.780000686645508,347300
5513,2017-01-18,18.81999969482422,272200
5514,2017-01-19,18.8799991607666,326300
5515,2017-01-20,19.1299991607666,333400
5516,2017-01-23,19.350000381469727,310200
5517,2017-01-24,19.739999771118164,401800
5518,2017-01-25,19.93000030517578,266500
5519,2017-01-26,19.459999084472656,392400
5520,2017-01-27,19.440000534057617,307900
5521,2017-01-30,19.229999542236328,441700
5522,2017-01-31,19.399999618530273,657100
5523,2017-02-01,18.940000534057617,427500
5524,2017-02-02,18.850000381469727,492700
5525,2017-02-03,19.479999542236328,409500
5526,2017-02-06,19.1200008392334,290800
5527,2017-02-07,19.149999618530273,210400
5528,2017-02-08,19.079999923706055,284500
5529,2017-02-09,19.729999542236328,650300
5530,2017-02-10,19.850000381469727,447000
5531,2017-02-13,19.65999984741211,343300
5532,2017-02-14,19.520000457763672,450700
5533,2017-02-15,19.489999771118164,421700
5534,2017-02-16,19.68000030517578,385300
5535,2017-02-17,19.899999618530273,376300
5536,2017-02-21,20.1200008392334,247100
5537,2017-02-22,20.079999923706055,339400
5538,2017-02-23,20.209999084472656,436200
5539,2017-02-24,20.290000915527344,265800
5540,2017-02-27,20.559999465942383,591300
5541,2017-02-28,19.56999969482422,603800
5542,2017-03-01,19.709999084472656,926600
5543,2017-03-02,22.809999465942383,2153100
5544,2017-03-03,22.010000228881836,1415700
5545,2017-03-06,21.75,823900
5546,2017-03-07,21.780000686645508,694200
5547,2017-03-08,21.809999465942383,588000
5548,2017-03-09,21.90999984741211,700800
5549,2017-03-10,21.90999984741211,782000
5550,2017-03-13,22.190000534057617,614200
5551,2017-03-14,22.170000076293945,431000
5552,2017-03-15,22.40999984741211,598500
5553,2017-03-16,22.639999389648438,399100
5554,2017-03-17,22.780000686645508,1128000
5555,2017-03-20,22.450000762939453,313700
5556,2017-03-21,21.780000686645508,457200
5557,2017-03-22,21.700000762939453,491100
5558,2017-03-23,21.729999542236328,510600
5559,2017-03-24,21.8799991607666,496400
5560,2017-03-27,21.469999313354492,637700
5561,2017-03-28,21.43000030517578,386500
5562,2017-03-29,21.459999084472656,552400
5563,2017-03-30,21.43000030517578,279900
5564,2017-03-31,21.389999389648438,684800
5565,2017-04-03,21.239999771118164,436000
5566,2017-04-04,21.309999465942383,483800
5567,2017-04-05,20.93000030517578,445400
5568,2017-04-06,21.079999923706055,449900
5569,2017-04-07,21.149999618530273,680600
5570,2017-04-10,21.200000762939453,292900
5571,2017-04-11,21.1299991607666,423000
5572,2017-04-12,20.940000534057617,365300
5573,2017-04-13,20.549999237060547,388800
5574,2017-04-17,20.84000015258789,300900
5575,2017-04-18,21.15999984741211,341600
5576,2017-04-19,21.329999923706055,413900
5577,2017-04-20,21.489999771118164,604200
5578,2017-04-21,21.5,766900
5579,2017-04-24,21.469999313354492,544600
5580,2017-04-25,21.610000610351562,574200
5581,2017-04-26,22.190000534057617,949300
5582,2017-04-27,21.639999389648438,387500
5583,2017-04-28,21.489999771118164,489500
5584,2017-05-01,21.81999969482422,354300
5585,2017-05-02,21.579999923706055,513100
5586,2017-05-03,21.5,429500
5587,2017-05-04,22.549999237060547,1561700
5588,2017-05-05,23.829999923706055,1200900
5589,2017-05-08,23.709999084472656,777900
5590,2017-05-09,23.729999542236328,655600
5591,2017-05-10,23.65999984741211,318700
5592,2017-05-11,23.229999542236328,336600
5593,2017-05-12,23.020000457763672,287200
5594,2017-05-15,23.149999618530273,342100
5595,2017-05-16,23.190000534057617,271400
5596,2017-05-17,22.149999618530273,625200
5597,2017-05-18,21.959999084472656,709300
5598,2017-05-19,22.5,567600
5599,2017-05-22,22.8700008392334,416000
5600,2017-05-23,22.969999313354492,455800
5601,2017-05-24,23.149999618530273,457600
5602,2017-05-25,23.219999313354492,388200
5603,2017-05-26,23.040000915527344,328500
5604,2017-05-30,22.950000762939453,298500
5605,2017-05-31,22.860000610351562,335900
5606,2017-06-01,23.15999984741211,455300
5607,2017-06-02,23.43000030517578,470800
5608,2017-06-05,23.18000030517578,300100
5609,2017-06-06,23.049999237060547,350700
5610,2017-06-07,22.950000762939453,272900
5611,2017-06-08,23.270000457763672,355000
5612,2017-06-09,22.829999923706055,377500
5613,2017-06-12,22.8799991607666,408200
5614,2017-06-13,22.979999542236328,403600
5615,2017-06-14,22.59000015258789,400100
5616,2017-06-15,22.639999389648438,295700
5617,2017-06-16,22.290000915527344,1079100
5618,2017-06-19,22.530000686645508,353800
5619,2017-06-20,22.520000457763672,451400
5620,2017-06-21,22.770000457763672,506100
5621,2017-06-22,23.139999389648438,367200
5622,2017-06-23,23.510000228881836,652600
5623,2017-06-26,22.90999984741211,545000
5624,2017-06-27,22.649999618530273,462800
5625,2017-06-28,22.920000076293945,415700
5626,2017-06-29,22.520000457763672,355000
5627,2017-06-30,22.3700008392334,373500
5628,2017-07-03,22.219999313354492,246900
5629,2017-07-05,22.049999237060547,279200
5630,2017-07-06,21.56999969482422,498000
5631,2017-07-07,21.920000076293945,438100
5632,2017-07-10,21.829999923706055,353800
5633,2017-07-11,22.969999313354492,985800
5634,2017-07-12,23.75,485400
5635,2017-07-13,24.010000228881836,703400
5636,2017-07-14,23.670000076293945,386000
5637,2017-07-17,23.8799991607666,316000
5638,2017-07-18,23.770000457763672,399100
5639,2017-07-19,23.940000534057617,389600
5640,2017-07-20,24.110000610351562,204300
5641,2017-07-21,24.15999984741211,649700
5642,2017-07-24,24.260000228881836,305000
5643,2017-07-25,24.420000076293945,765900
5644,2017-07-26,24.139999389648438,542300
5645,2017-07-27,24.040000915527344,561000
5646,2017-07-28,23.100000381469727,499000
5647,2017-07-31,23.170000076293945,439100
5648,2017-08-01,23.200000762939453,460400
5649,2017-08-02,22.280000686645508,377400
5650,2017-08-03,21.950000762939453,419400
5651,2017-08-04,22.020000457763672,338300
5652,2017-08-07,21.729999542236328,517000
5653,2017-08-08,21.440000534057617,372700
5654,2017-08-09,21.43000030517578,974700
5655,2017-08-10,21.299999237060547,555200
5656,2017-08-11,21.3700008392334,237700
5657,2017-08-14,22.0,366900
5658,2017-08-15,22.1299991607666,706300
5659,2017-08-16,21.860000610351562,340400
5660,2017-08-17,21.260000228881836,491600
5661,2017-08-18,21.329999923706055,465200
5662,2017-08-21,21.329999923706055,298700
5663,2017-08-22,21.799999237060547,280900
5664,2017-08-23,21.709999084472656,326200
5665,2017-08-24,21.950000762939453,283600
5666,2017-08-25,22.020000457763672,445100
5667,2017-08-28,22.1200008392334,195000
5668,2017-08-29,22.06999969482422,231700
5669,2017-08-30,22.239999771118164,229200
5670,2017-08-31,22.760000228881836,532000
5671,2017-09-01,22.729999542236328,331700
5672,2017-09-05,22.59000015258789,279200
5673,2017-09-06,22.600000381469727,317200
5674,2017-09-07,22.780000686645508,271300
5675,2017-09-08,22.65999984741211,282200
5676,2017-09-11,23.06999969482422,284800
5677,2017-09-12,23.360000610351562,276200
5678,2017-09-13,22.959999084472656,333700
5679,2017-09-14,22.719999313354492,353100
5680,2017-09-15,22.5,1091600
5681,2017-09-18,22.940000534057617,414800
5682,2017-09-19,22.850000381469727,334900
5683,2017-09-20,22.889999389648438,369500
5684,2017-09-21,23.059999465942383,222500
5685,2017-09-22,23.030000686645508,371600
5686,2017-09-25,22.799999237060547,333700
5687,2017-09-26,22.479999542236328,499500
5688,2017-09-27,23.149999618530273,609000
5689,2017-09-28,22.93000030517578,454300
5690,2017-09-29,22.780000686645508,418500
5691,2017-10-02,23.18000030517578,433300
5692,2017-10-03,23.280000686645508,513800
5693,2017-10-04,23.25,232700
5694,2017-10-05,23.420000076293945,473600
5695,2017-10-06,23.8700008392334,796700
5696,2017-10-09,23.860000610351562,270100
5697,2017-10-10,24.079999923706055,323600
5698,2017-10-11,23.989999771118164,243700
5699,2017-10-12,24.020000457763672,316100
5700,2017-10-13,23.940000534057617,261800
5701,2017-10-16,23.989999771118164,253800
5702,2017-10-17,23.8799991607666,231500
5703,2017-10-18,23.969999313354492,289300
5704,2017-10-19,23.93000030517578,348100
5705,2017-10-20,24.200000762939453,217900
5706,2017-10-23,24.079999923706055,212900
5707,2017-10-24,23.950000762939453,290300
5708,2017-10-25,24.329999923706055,329300
5709,2017-10-26,24.440000534057617,357000
5710,2017-10-27,24.600000381469727,453000
5711,2017-10-30,24.020000457763672,367700
5712,2017-10-31,24.079999923706055,412800
5713,2017-11-01,23.770000457763672,955300
5714,2017-11-02,23.030000686645508,827500
5715,2017-11-03,23.5,760200
5716,2017-11-06,23.010000228881836,359600
5717,2017-11-07,22.729999542236328,457400
5718,2017-11-08,23.190000534057617,614800
5719,2017-11-09,23.149999618530273,533200
5720,2017-11-10,23.329999923706055,343400
5721,2017-11-13,22.979999542236328,521300
5722,2017-11-14,22.809999465942383,390200
5723,2017-11-15,22.469999313354492,727400
5724,2017-11-16,22.829999923706055,321700
5725,2017-11-17,22.81999969482422,274800
5726,2017-11-20,23.290000915527344,339500
5727,2017-11-21,23.229999542236328,540500
5728,2017-11-22,23.420000076293945,459600
5729,2017-11-24,23.3799991607666,191700
5730,2017-11-27,23.420000076293945,392700
5731,2017-11-28,23.5,551000
5732,2017-11-29,23.020000457763672,404900
5733,2017-11-30,22.8799991607666,448700
5734,2017-12-01,22.889999389648438,526400
5735,2017-12-04,22.3700008392334,540000
5736,2017-12-05,22.420000076293945,444700
5737,2017-12-06,22.5,427700
5738,2017-12-07,22.479999542236328,584000
5739,2017-12-08,22.389999389648438,489600
5740,2017-12-11,22.3799991607666,855000
5741,2017-12-12,22.459999084472656,639000
5742,2017-12-13,22.5,723700
5743,2017-12-14,22.200000762939453,575600
5744,2017-12-15,22.84000015258789,1360700
5745,2017-12-18,23.079999923706055,604100
5746,2017-12-19,22.639999389648438,666900
5747,2017-12-20,22.540000915527344,540400
5748,2017-12-21,22.549999237060547,470400
5749,2017-12-22,22.450000762939453,406800
5750,2017-12-26,22.440000534057617,288400
5751,2017-12-27,22.389999389648438,405700
5752,2017-12-28,22.56999969482422,404600
5753,2017-12-29,22.670000076293945,493000
5754,2018-01-02,22.690000534057617,585600
5755,2018-01-03,22.510000228881836,491000
5756,2018-01-04,22.729999542236328,563300
5757,2018-01-05,22.799999237060547,485000
5758,2018-01-08,23.040000915527344,889100
5759,2018-01-09,22.920000076293945,623200
5760,2018-01-10,22.8799991607666,424100
5761,2018-01-11,23.5,566400
5762,2018-01-12,23.399999618530273,505500
5763,2018-01-16,22.68000030517578,644600
5764,2018-01-17,22.770000457763672,625400
5765,2018-01-18,22.700000762939453,636900
5766,2018-01-19,23.209999084472656,607200
5767,2018-01-22,23.040000915527344,516000
5768,2018-01-23,22.959999084472656,382500
5769,2018-01-24,22.969999313354492,451600
5770,2018-01-25,22.959999084472656,511600
5771,2018-01-26,23.1299991607666,279600
5772,2018-01-29,23.1200008392334,475700
5773,2018-01-30,23.059999465942383,524400
5774,2018-01-31,23.440000534057617,494600
5775,2018-02-01,23.760000228881836,612900
5776,2018-02-02,23.059999465942383,474700
5777,2018-02-05,21.739999771118164,815600
5778,2018-02-06,21.850000381469727,916700
5779,2018-02-07,21.540000915527344,609500
5780,2018-02-08,20.709999084472656,494800
5781,2018-02-09,21.139999389648438,968700
5782,2018-02-12,21.549999237060547,436600
5783,2018-02-13,21.670000076293945,779000
5784,2018-02-14,22.290000915527344,721100
5785,2018-02-15,23.049999237060547,602600
5786,2018-02-16,23.34000015258789,568200
5787,2018-02-20,23.360000610351562,410400
5788,2018-02-21,22.65999984741211,751000
5789,2018-02-22,23.68000030517578,1389300
5790,2018-02-23,24.90999984741211,937600
5791,2018-02-26,24.860000610351562,941000
5792,2018-02-27,24.239999771118164,861000
5793,2018-02-28,23.649999618530273,880700
5794,2018-03-01,23.15999984741211,863500
5795,2018-03-02,23.979999542236328,1015700
5796,2018-03-05,24.489999771118164,1530600
5797,2018-03-06,25.420000076293945,1382800
5798,2018-03-07,25.639999389648438,926300
5799,2018-03-08,25.530000686645508,551000
5800,2018-03-09,26.020000457763672,772700
5801,2018-03-12,26.030000686645508,484400
5802,2018-03-13,26.010000228881836,615900
5803,2018-03-14,26.0,478800
5804,2018-03-15,26.139999389648438,478600
5805,2018-03-16,25.969999313354492,1310800
5806,2018-03-19,25.790000915527344,599000
5807,2018-03-20,25.639999389648438,374200
5808,2018-03-21,25.549999237060547,206400
5809,2018-03-22,25.059999465942383,450100
5810,2018-03-23,24.1299991607666,515100
5811,2018-03-26,24.649999618530273,369700
5812,2018-03-27,23.790000915527344,402000
5813,2018-03-28,23.530000686645508,788900
5814,2018-03-29,23.719999313354492,995200
5815,2018-04-02,23.209999084472656,781200
5816,2018-04-03,23.790000915527344,603600
5817,2018-04-04,23.809999465942383,828900
5818,2018-04-05,24.149999618530273,520000
5819,2018-04-06,23.8799991607666,627400
5820,2018-04-09,23.889999389648438,439700
5821,2018-04-10,24.329999923706055,685600
5822,2018-04-11,24.360000610351562,294800
5823,2018-04-12,24.350000381469727,253100
5824,2018-04-13,24.239999771118164,193400
5825,2018-04-16,24.520000457763672,251500
5826,2018-04-17,25.0,320900
5827,2018-04-18,24.93000030517578,261800
5828,2018-04-19,24.829999923706055,233300
5829,2018-04-20,24.489999771118164,243800
5830,2018-04-23,24.420000076293945,333300
5831,2018-04-24,24.229999542236328,292600
5832,2018-04-25,24.030000686645508,544900
5833,2018-04-26,23.850000381469727,672800
5834,2018-04-27,23.530000686645508,493900
5835,2018-04-30,23.25,533000
5836,2018-05-01,23.15999984741211,926900
5837,2018-05-02,23.030000686645508,324800
5838,2018-05-03,23.1200008392334,506100
5839,2018-05-04,23.229999542236328,558100
5840,2018-05-07,23.459999084472656,490600
5841,2018-05-08,23.5,522400
5842,2018-05-09,23.889999389648438,1174700
5843,2018-05-10,23.34000015258789,1501400
5844,2018-05-11,22.549999237060547,1129200
5845,2018-05-14,22.43000030517578,851700
5846,2018-05-15,22.559999465942383,1059300
5847,2018-05-16,23.260000228881836,1140600
5848,2018-05-17,23.850000381469727,1154000
5849,2018-05-18,23.889999389648438,994000
5850,2018-05-21,24.020000457763672,913200
5851,2018-05-22,23.8799991607666,612700
5852,2018-05-23,23.8700008392334,394700
5853,2018-05-24,23.899999618530273,368700
5854,2018-05-25,23.93000030517578,380200
5855,2018-05-29,23.84000015258789,488500
5856,2018-05-30,24.200000762939453,561100
5857,2018-05-31,24.149999618530273,632800
5858,2018-06-01,24.399999618530273,712900
5859,2018-06-04,24.8700008392334,468800
5860,2018-06-05,24.979999542236328,380800
5861,2018-06-06,25.010000228881836,725800
5862,2018-06-07,24.989999771118164,533200
5863,2018-06-08,25.229999542236328,855200
5864,2018-06-11,25.530000686645508,373900
5865,2018-06-12,25.719999313354492,554500
5866,2018-06-13,25.65999984741211,588300
5867,2018-06-14,25.790000915527344,729300
5868,2018-06-15,26.139999389648438,1172400
5869,2018-06-18,26.56999969482422,660900
5870,2018-06-19,26.84000015258789,585600
5871,2018-06-20,26.829999923706055,551700
5872,2018-06-21,26.31999969482422,494200
5873,2018-06-22,26.010000228881836,867400
5874,2018-06-25,25.200000762939453,431200
5875,2018-06-26,25.170000076293945,567500
5876,2018-06-27,24.25,687400
5877,2018-06-28,24.670000076293945,486800
5878,2018-06-29,24.670000076293945,583900
5879,2018-07-02,25.030000686645508,300800
5880,2018-07-03,25.149999618530273,316000
5881,2018-07-05,25.6200008392334,499700
5882,2018-07-06,26.020000457763672,287800
5883,2018-07-09,26.290000915527344,291400
5884,2018-07-10,26.200000762939453,318400
5885,2018-07-11,26.06999969482422,242000
5886,2018-07-12,26.469999313354492,321400
5887,2018-07-13,26.299999237060547,315700
5888,2018-07-16,26.239999771118164,300100
5889,2018-07-17,26.399999618530273,250300
5890,2018-07-18,26.420000076293945,264200
5891,2018-07-19,26.790000915527344,577600
5892,2018-07-20,26.559999465942383,311500
5893,2018-07-23,26.459999084472656,443000
5894,2018-07-24,25.90999984741211,297800
5895,2018-07-25,26.309999465942383,425700
5896,2018-07-26,26.459999084472656,568300
5897,2018-07-27,26.139999389648438,611300
5898,2018-07-30,25.770000457763672,445000
5899,2018-07-31,25.84000015258789,776600
5900,2018-08-01,26.459999084472656,850800
5901,2018-08-02,26.549999237060547,1202100
5902,2018-08-03,27.0,566500
5903,2018-08-06,27.139999389648438,1232700
5904,2018-08-07,27.43000030517578,446700
5905,2018-08-08,27.5,298600
5906,2018-08-09,27.360000610351562,322500
5907,2018-08-10,27.15999984741211,371500
5908,2018-08-13,27.219999313354492,306800
5909,2018-08-14,27.219999313354492,762100
5910,2018-08-15,26.979999542236328,342800
5911,2018-08-16,26.979999542236328,319700
5912,2018-08-17,26.950000762939453,479200
5913,2018-08-20,27.299999237060547,490900
5914,2018-08-21,27.530000686645508,303900
5915,2018-08-22,27.979999542236328,247000
5916,2018-08-23,27.959999084472656,250800
5917,2018-08-24,28.459999084472656,405700
5918,2018-08-27,28.139999389648438,273900
5919,2018-08-28,28.020000457763672,290500
5920,2018-08-29,28.540000915527344,326600
5921,2018-08-30,28.3700008392334,206800
5922,2018-08-31,28.40999984741211,389700
5923,2018-09-04,28.360000610351562,374100
5924,2018-09-05,27.8700008392334,304400
5925,2018-09-06,28.09000015258789,296800
5926,2018-09-07,28.290000915527344,371700
5927,2018-09-10,28.100000381469727,365600
5928,2018-09-11,28.170000076293945,207200
5929,2018-09-12,28.59000015258789,492900
5930,2018-09-13,28.420000076293945,241200
5931,2018-09-14,28.93000030517578,401300
5932,2018-09-17,27.8700008392334,420700
5933,2018-09-18,28.25,583200
5934,2018-09-19,28.010000228881836,457200
5935,2018-09-20,28.510000228881836,308900
5936,2018-09-21,28.350000381469727,810100
5937,2018-09-24,28.3799991607666,227500
5938,2018-09-25,28.6299991607666,267700
5939,2018-09-26,28.229999542236328,402500
5940,2018-09-27,28.190000534057617,458900
5941,2018-09-28,28.139999389648438,591800
5942,2018-10-01,27.260000228881836,438000
5943,2018-10-02,26.790000915527344,352800
5944,2018-10-03,27.25,440600
5945,2018-10-04,26.68000030517578,424400
5946,2018-10-05,26.81999969482422,733600
5947,2018-10-08,26.649999618530273,903600
5948,2018-10-09,26.43000030517578,613300
5949,2018-10-10,25.239999771118164,609600
5950,2018-10-11,25.079999923706055,821800
5951,2018-10-12,25.5,752600
5952,2018-10-15,25.739999771118164,457900
5953,2018-10-16,26.8799991607666,531600
5954,2018-10-17,26.809999465942383,424900
5955,2018-10-18,26.290000915527344,345700
5956,2018-10-19,25.940000534057617,445700
5957,2018-10-22,26.280000686645508,377800
5958,2018-10-23,25.809999465942383,597100
5959,2018-10-24,24.889999389648438,1035700
5960,2018-10-25,25.329999923706055,599200
5961,2018-10-26,24.850000381469727,604500
5962,2018-10-29,24.399999618530273,499700
5963,2018-10-30,24.690000534057617,504800
5964,2018-10-31,25.09000015258789,617000
5965,2018-11-01,25.43000030517578,667200
5966,2018-11-02,25.549999237060547,651400
5967,2018-11-05,25.18000030517578,459400
5968,2018-11-06,25.389999389648438,416600
5969,2018-11-07,26.010000228881836,893300
5970,2018-11-08,29.0,3101300
5971,2018-11-09,30.1200008392334,1468300
5972,2018-11-12,29.1299991607666,967100
5973,2018-11-13,28.799999237060547,703800
5974,2018-11-14,28.510000228881836,594400
5975,2018-11-15,29.229999542236328,680300
5976,2018-11-16,29.520000457763672,516900
5977,2018-11-19,27.979999542236328,752600
5978,2018-11-20,27.899999618530273,982500
5979,2018-11-21,28.43000030517578,920700
5980,2018-11-23,28.139999389648438,173700
5981,2018-11-26,28.770000457763672,738500
5982,2018-11-27,28.079999923706055,453500
5983,2018-11-28,29.31999969482422,897200
5984,2018-11-29,28.989999771118164,502300
5985,2018-11-30,28.8799991607666,925400
5986,2018-12-03,29.440000534057617,640800
5987,2018-12-04,28.25,759300
5988,2018-12-06,28.329999923706055,713500
5989,2018-12-07,27.15999984741211,713900
5990,2018-12-10,27.190000534057617,576700
5991,2018-12-11,27.469999313354492,601700
5992,2018-12-12,28.059999465942383,450300
5993,2018-12-13,27.889999389648438,594800
5994,2018-12-14,27.469999313354492,339200
5995,2018-12-17,26.700000762939453,837600
5996,2018-12-18,26.959999084472656,833900
5997,2018-12-19,27.040000915527344,658100
5998,2018-12-20,26.549999237060547,795600
5999,2018-12-21,26.229999542236328,2358000
6000,2018-12-24,25.31999969482422,367900
6001,2018-12-26,26.93000030517578,666100
6002,2018-12-27,27.479999542236328,916500
6003,2018-12-28,27.25,846300
6004,2018-12-31,27.670000076293945,592800
6005,2019-01-02,27.139999389648438,772400
6006,2019-01-03,25.15999984741211,939000
6007,2019-01-04,26.170000076293945,692300
6008,2019-01-07,26.510000228881836,666000
6009,2019-01-08,27.389999389648438,676500
6010,2019-01-09,27.739999771118164,757600
6011,2019-01-10,28.100000381469727,465600
6012,2019-01-11,28.139999389648438,307100
6013,2019-01-14,27.790000915527344,289300
6014,2019-01-15,27.940000534057617,991700
6015,2019-01-16,28.440000534057617,605900
6016,2019-01-17,28.6200008392334,656200
6017,2019-01-18,28.739999771118164,1040900
6018,2019-01-22,28.229999542236328,648100
6019,2019-01-23,28.43000030517578,955600
6020,2019-01-24,28.610000610351562,881900
6021,2019-01-25,29.229999542236328,527500
6022,2019-01-28,28.81999969482422,651900
6023,2019-01-29,28.600000381469727,587800
6024,2019-01-30,28.729999542236328,687600
6025,2019-01-31,29.559999465942383,1182600
6026,2019-02-01,29.559999465942383,607500
6027,2019-02-04,29.899999618530273,472600
6028,2019-02-05,30.059999465942383,774800
6029,2019-02-06,30.489999771118164,590900
6030,2019-02-07,29.940000534057617,672500
6031,2019-02-08,30.299999237060547,601300
6032,2019-02-11,30.260000228881836,543500
6033,2019-02-12,30.239999771118164,867400
6034,2019-02-13,30.219999313354492,843800
6035,2019-02-14,30.200000762939453,809800
6036,2019-02-15,30.75,637400
6037,2019-02-19,30.850000381469727,506900
6038,2019-02-20,31.100000381469727,586900
6039,2019-02-21,31.329999923706055,516400
6040,2019-02-22,31.649999618530273,646600
6041,2019-02-25,31.43000030517578,641300
6042,2019-02-26,31.079999923706055,1100800
6043,2019-02-27,31.18000030517578,713600
6044,2019-02-28,31.8700008392334,1693800
6045,2019-03-01,33.06999969482422,1055700
6046,2019-03-04,33.06999969482422,1442200
6047,2019-03-05,32.939998626708984,670300
6048,2019-03-06,32.060001373291016,809300
6049,2019-03-07,31.520000457763672,872700
6050,2019-03-08,31.940000534057617,1188700
6051,2019-03-11,32.61000061035156,774000
6052,2019-03-12,32.90999984741211,430000
6053,2019-03-13,33.13999938964844,538400
6054,2019-03-14,33.279998779296875,612800
6055,2019-03-15,33.650001525878906,1296800
6056,2019-03-18,33.38999938964844,584300
6057,2019-03-19,33.18000030517578,594600
6058,2019-03-20,32.900001525878906,639800
6059,2019-03-21,33.33000183105469,670400
6060,2019-03-22,32.18000030517578,544100
6061,2019-03-25,32.2400016784668,582400
6062,2019-03-26,32.619998931884766,430300
6063,2019-03-27,32.7599983215332,809000
6064,2019-03-28,32.369998931884766,647500
6065,2019-03-29,32.869998931884766,959900
6066,2019-04-01,33.209999084472656,628800
6067,2019-04-02,33.43000030517578,451800
6068,2019-04-03,33.810001373291016,689300
6069,2019-04-04,33.7599983215332,716400
6070,2019-04-05,33.959999084472656,588700
6071,2019-04-08,34.13999938964844,410700
6072,2019-04-09,33.97999954223633,280300
6073,2019-04-10,34.31999969482422,347200
6074,2019-04-11,34.36000061035156,1161600
6075,2019-04-12,34.02000045776367,513100
6076,2019-04-15,34.459999084472656,404100
6077,2019-04-16,34.5099983215332,427800
6078,2019-04-17,33.709999084472656,483600
6079,2019-04-18,33.970001220703125,517900
6080,2019-04-22,34.15999984741211,366400
6081,2019-04-23,34.970001220703125,742500
6082,2019-04-24,34.7599983215332,580200
6083,2019-04-25,34.45000076293945,349700
6084,2019-04-26,34.83000183105469,454200
6085,2019-04-29,35.16999816894531,390900
6086,2019-04-30,35.52000045776367,657200
6087,2019-05-01,34.849998474121094,518900
6088,2019-05-02,34.97999954223633,442200
6089,2019-05-03,35.41999816894531,419000
6090,2019-05-06,35.439998626708984,536100
6091,2019-05-07,34.400001525878906,321300
6092,2019-05-08,34.119998931884766,788800
6093,2019-05-09,32.16999816894531,1212100
6094,2019-05-10,32.709999084472656,974800
6095,2019-05-13,31.270000457763672,1128900
6096,2019-05-14,31.3799991607666,898600
6097,2019-05-15,31.25,773600
6098,2019-05-16,32.06999969482422,942500
6099,2019-05-17,31.420000076293945,585700
6100,2019-05-20,31.010000228881836,370500
6101,2019-05-21,31.510000228881836,557700
6102,2019-05-22,32.02000045776367,971000
6103,2019-05-23,31.579999923706055,824300
6104,2019-05-24,32.029998779296875,611700
6105,2019-05-28,31.940000534057617,673500
6106,2019-05-29,31.799999237060547,771400
6107,2019-05-30,32.09000015258789,763900
6108,2019-05-31,31.459999084472656,759600
6109,2019-06-03,30.6299991607666,1030400
6110,2019-06-04,32.099998474121094,730300
6111,2019-06-05,32.2599983215332,518200
6112,2019-06-06,32.400001525878906,451700
6113,2019-06-07,32.34000015258789,511700
6114,2019-06-10,32.75,572200
6115,2019-06-11,33.0099983215332,802800
6116,2019-06-12,32.779998779296875,600000
6117,2019-06-13,32.869998931884766,509300
6118,2019-06-14,32.40999984741211,641300
6119,2019-06-17,32.029998779296875,742100
6120,2019-06-18,32.04999923706055,791500
6121,2019-06-19,32.25,904600
6122,2019-06-20,32.900001525878906,695800
6123,2019-06-21,32.97999954223633,2018700
6124,2019-06-24,32.439998626708984,521700
6125,2019-06-25,32.349998474121094,736400
6126,2019-06-26,32.61000061035156,580300
6127,2019-06-27,33.16999816894531,430000
6128,2019-06-28,34.34000015258789,1773500
6129,2019-07-01,34.720001220703125,736500
6130,2019-07-02,34.61000061035156,463000
6131,2019-07-03,34.880001068115234,193700
6132,2019-07-05,34.86000061035156,452800
6133,2019-07-08,33.810001373291016,747100
6134,2019-07-09,33.61000061035156,863900
6135,2019-07-10,34.16999816894531,787600
6136,2019-07-11,34.349998474121094,377300
6137,2019-07-12,34.810001373291016,432700
6138,2019-07-15,34.650001525878906,289700
6139,2019-07-16,34.18000030517578,396500
6140,2019-07-17,34.029998779296875,661400
6141,2019-07-18,34.2599983215332,230300
6142,2019-07-19,33.95000076293945,507300
6143,2019-07-22,33.709999084472656,434000
6144,2019-07-23,33.66999816894531,400900
6145,2019-07-24,33.58000183105469,823300
6146,2019-07-25,33.119998931884766,680700
6147,2019-07-26,33.5099983215332,786300
6148,2019-07-29,33.849998474121094,503800
6149,2019-07-30,34.0099983215332,754000
6150,2019-07-31,33.560001373291016,733200
6151,2019-08-01,32.900001525878906,879000
6152,2019-08-02,31.5,592900
6153,2019-08-05,29.93000030517578,943300
6154,2019-08-06,30.31999969482422,855600
6155,2019-08-07,30.149999618530273,752900
6156,2019-08-08,30.860000610351562,1364600
6157,2019-08-09,29.15999984741211,917500
6158,2019-08-12,28.579999923706055,874400
6159,2019-08-13,29.040000915527344,694800
6160,2019-08-14,28.829999923706055,1369800
6161,2019-08-15,28.68000030517578,863100
6162,2019-08-16,29.389999389648438,675600
6163,2019-08-19,29.549999237060547,607300
6164,2019-08-20,28.950000762939453,755900
6165,2019-08-21,29.270000457763672,596000
6166,2019-08-22,29.420000076293945,758600
6167,2019-08-23,28.5,957000
6168,2019-08-26,28.540000915527344,729500
6169,2019-08-27,28.600000381469727,933500
6170,2019-08-28,28.989999771118164,640600
6171,2019-08-29,29.6200008392334,591300
6172,2019-08-30,29.780000686645508,702000
6173,2019-09-03,28.760000228881836,1364300
6174,2019-09-04,29.280000686645508,1405200
6175,2019-09-05,30.670000076293945,716900
6176,2019-09-06,30.989999771118164,836900
6177,2019-09-09,31.299999237060547,1556900
6178,2019-09-10,30.780000686645508,903500
6179,2019-09-11,31.959999084472656,835600
6180,2019-09-12,32.900001525878906,1111400
6181,2019-09-13,32.779998779296875,991400
6182,2019-09-16,32.849998474121094,1268500
6183,2019-09-17,32.70000076293945,713200
6184,2019-09-18,32.5099983215332,713400
6185,2019-09-19,32.15999984741211,641300
6186,2019-09-20,31.860000610351562,2261500
6187,2019-09-23,31.309999465942383,606100
6188,2019-09-24,30.489999771118164,662800
6189,2019-09-25,31.469999313354492,806900
6190,2019-09-26,31.399999618530273,565400
6191,2019-09-27,30.68000030517578,451000
6192,2019-09-30,31.329999923706055,623800
6193,2019-10-01,30.270000457763672,417000
6194,2019-10-02,29.780000686645508,470300
6195,2019-10-03,30.030000686645508,417600
6196,2019-10-04,30.56999969482422,556800
6197,2019-10-07,30.489999771118164,428500
6198,2019-10-08,30.170000076293945,436200
6199,2019-10-09,30.68000030517578,351400
6200,2019-10-10,30.579999923706055,419800
6201,2019-10-11,30.829999923706055,1411800
6202,2019-10-14,30.309999465942383,512000
6203,2019-10-15,31.290000915527344,513900
6204,2019-10-16,31.299999237060547,621700
6205,2019-10-17,31.530000686645508,451200
6206,2019-10-18,30.969999313354492,447100
6207,2019-10-21,31.229999542236328,284300
6208,2019-10-22,30.829999923706055,281100
6209,2019-10-23,30.75,314400
6210,2019-10-24,31.149999618530273,338800
6211,2019-10-25,31.139999389648438,393600
6212,2019-10-28,31.760000228881836,301100
6213,2019-10-29,31.920000076293945,338400
6214,2019-10-30,32.0099983215332,249800
6215,2019-10-31,31.389999389648438,456200
6216,2019-11-01,31.81999969482422,543700
6217,2019-11-04,31.799999237060547,479800
6218,2019-11-05,31.90999984741211,497300
6219,2019-11-06,31.6200008392334,495800
6220,2019-11-07,34.0,880000
6221,2019-11-08,34.400001525878906,465900
6222,2019-11-11,33.689998626708984,516800
6223,2019-11-12,33.7599983215332,380300
6224,2019-11-13,34.15999984741211,541000
6225,2019-11-14,33.61000061035156,595700
6226,2019-11-15,33.720001220703125,354700
6227,2019-11-18,33.70000076293945,903500
6228,2019-11-19,36.38999938964844,1551700
6229,2019-11-20,36.400001525878906,1100400
6230,2019-11-21,36.2400016784668,883900
6231,2019-11-22,36.630001068115234,498100
6232,2019-11-25,37.45000076293945,629200
6233,2019-11-26,37.709999084472656,944400
6234,2019-11-27,37.790000915527344,667900
6235,2019-11-29,37.5,309000
6236,2019-12-02,36.72999954223633,517100
6237,2019-12-03,36.63999938964844,425000
6238,2019-12-04,36.150001525878906,523400
6239,2019-12-05,36.04999923706055,551400
6240,2019-12-06,36.40999984741211,1067600
6241,2019-12-09,36.18000030517578,869700
6242,2019-12-10,36.2599983215332,394000
6243,2019-12-11,36.369998931884766,383300
6244,2019-12-12,36.220001220703125,573000
6245,2019-12-13,36.45000076293945,494300
6246,2019-12-16,36.900001525878906,530700
6247,2019-12-17,36.439998626708984,542500
6248,2019-12-18,36.970001220703125,567200
6249,2019-12-19,37.540000915527344,662800
6250,2019-12-20,37.849998474121094,1246700
6251,2019-12-23,37.689998626708984,336900
6252,2019-12-24,37.400001525878906,180900
6253,2019-12-26,37.810001373291016,186200
6254,2019-12-27,37.720001220703125,515100
6255,2019-12-30,37.58000183105469,829100
6256,2019-12-31,37.88999938964844,627200
6257,2020-01-02,38.20000076293945,357300
6258,2020-01-03,38.2599983215332,436900
6259,2020-01-06,38.439998626708984,489800
6260,2020-01-07,38.560001373291016,459400
6261,2020-01-08,38.72999954223633,436100
6262,2020-01-09,38.93000030517578,467800
6263,2020-01-10,38.5099983215332,448400
6264,2020-01-13,39.060001373291016,543200
6265,2020-01-14,37.08000183105469,1411000
6266,2020-01-15,37.93000030517578,1128700
6267,2020-01-16,37.900001525878906,890200
6268,2020-01-17,37.29999923706055,931400
6269,2020-01-21,36.95000076293945,645900
6270,2020-01-22,36.7599983215332,679800
6271,2020-01-23,36.599998474121094,483700
6272,2020-01-24,35.849998474121094,1454200
6273,2020-01-27,35.38999938964844,693300
6274,2020-01-28,35.45000076293945,259400
6275,2020-01-29,34.79999923706055,524400
6276,2020-01-30,35.27000045776367,329300
6277,2020-01-31,34.45000076293945,515900
6278,2020-02-03,34.75,351500
6279,2020-02-04,35.540000915527344,413200
6280,2020-02-05,35.56999969482422,567800
6281,2020-02-06,35.13999938964844,386600
6282,2020-02-07,34.58000183105469,301900
6283,2020-02-10,35.209999084472656,266400
6284,2020-02-11,35.349998474121094,374300
6285,2020-02-12,35.540000915527344,657700
6286,2020-02-13,35.66999816894531,383300
6287,2020-02-14,35.95000076293945,305000
6288,2020-02-18,33.2400016784668,1047900
6289,2020-02-19,34.029998779296875,713700
6290,2020-02-20,33.70000076293945,511000
6291,2020-02-21,33.04999923706055,473800
6292,2020-02-24,32.31999969482422,408800
6293,2020-02-25,30.84000015258789,617900
6294,2020-02-26,29.799999237060547,530800
6295,2020-02-27,28.209999084472656,978200
6296,2020-02-28,27.8700008392334,1577900
6297,2020-03-02,29.239999771118164,978100
6298,2020-03-03,28.709999084472656,1256400
6299,2020-03-04,30.020000457763672,1060300
6300,2020-03-05,29.40999984741211,1298100
6301,2020-03-06,29.790000915527344,1305900
6302,2020-03-09,28.940000534057617,1443800
6303,2020-03-10,28.1299991607666,1472300
6304,2020-03-11,26.139999389648438,956400
6305,2020-03-12,25.350000381469727,1299000
6306,2020-03-13,26.719999313354492,1284600
6307,2020-03-16,22.84000015258789,1336300
6308,2020-03-17,25.43000030517578,1553200
6309,2020-03-18,21.190000534057617,1550900
6310,2020-03-19,23.8700008392334,1452100
6311,2020-03-20,22.09000015258789,1769500
6312,2020-03-23,21.5,1787700
6313,2020-03-24,22.649999618530273,1693300
6314,2020-03-25,23.959999084472656,1839400
6315,2020-03-26,25.020000457763672,1044800
6316,2020-03-27,23.170000076293945,688700
6317,2020-03-30,23.610000610351562,925300
6318,2020-03-31,24.149999618530273,1471800
6319,2020-04-01,22.459999084472656,925400
6320,2020-04-02,22.209999084472656,1068700
6321,2020-04-03,21.75,798300
6322,2020-04-06,23.450000762939453,1212900
6323,2020-04-07,24.149999618530273,950600
6324,2020-04-08,25.90999984741211,749900
6325,2020-04-09,27.360000610351562,606700
6326,2020-04-13,25.6200008392334,761200
6327,2020-04-14,25.31999969482422,644900
6328,2020-04-15,24.31999969482422,1040800
6329,2020-04-16,23.969999313354492,940900
6330,2020-04-17,26.010000228881836,1499400
6331,2020-04-20,25.790000915527344,702500
6332,2020-04-21,24.059999465942383,710000
6333,2020-04-22,24.510000228881836,509700
6334,2020-04-23,24.239999771118164,790300
6335,2020-04-24,24.139999389648438,1096000
6336,2020-04-27,26.6299991607666,960300
6337,2020-04-28,26.360000610351562,675500
6338,2020-04-29,28.059999465942383,1253500
6339,2020-04-30,27.399999618530273,786300
6340,2020-05-01,26.479999542236328,582300
6341,2020-05-04,26.579999923706055,492700
6342,2020-05-05,27.09000015258789,671800
6343,2020-05-06,26.309999465942383,812600
6344,2020-05-07,26.8700008392334,877800
6345,2020-05-08,27.0,703500
6346,2020-05-11,26.1200008392334,797200
6347,2020-05-12,24.649999618530273,600500
6348,2020-05-13,23.780000686645508,1293500
6349,2020-05-14,23.8700008392334,1097500
6350,2020-05-15,24.34000015258789,1028900
6351,2020-05-18,25.6200008392334,1201400
6352,2020-05-19,25.170000076293945,546900
6353,2020-05-20,26.450000762939453,967100
6354,2020-05-21,25.920000076293945,746300
6355,2020-05-22,26.190000534057617,464700
6356,2020-05-26,26.75,611400
6357,2020-05-27,27.350000381469727,703000
6358,2020-05-28,26.510000228881836,544500
6359,2020-05-29,27.579999923706055,1016800
6360,2020-06-01,27.729999542236328,679300
6361,2020-06-02,27.6299991607666,485900
6362,2020-06-03,28.260000228881836,557300
6363,2020-06-04,27.760000228881836,430900
6364,2020-06-05,28.959999084472656,672700
6365,2020-06-08,29.079999923706055,439500
6366,2020-06-09,28.290000915527344,374600
6367,2020-06-10,28.010000228881836,462400
6368,2020-06-11,25.770000457763672,708900
6369,2020-06-12,26.479999542236328,828400
6370,2020-06-15,27.18000030517578,704500
6371,2020-06-16,27.760000228881836,485600
6372,2020-06-17,27.360000610351562,505200
6373,2020-06-18,27.139999389648438,438200
6374,2020-06-19,27.139999389648438,1172500
6375,2020-06-22,27.420000076293945,453700
6376,2020-06-23,27.399999618530273,417200
6377,2020-06-24,26.510000228881836,568100
6378,2020-06-25,26.920000076293945,468900
6379,2020-06-26,26.260000228881836,879500
6380,2020-06-29,26.450000762939453,566800
6381,2020-06-30,26.989999771118164,673400
6382,2020-07-01,27.0,1131100
6383,2020-07-02,26.780000686645508,343400
6384,2020-07-06,26.350000381469727,361800
6385,2020-07-07,25.290000915527344,561500
6386,2020-07-08,25.34000015258789,530500
6387,2020-07-09,25.09000015258789,755000
6388,2020-07-10,25.719999313354492,521800
6389,2020-07-13,25.43000030517578,460500
6390,2020-07-14,25.90999984741211,647000
6391,2020-07-15,27.219999313354492,770100
6392,2020-07-16,26.850000381469727,735700
6393,2020-07-17,27.09000015258789,691900
6394,2020-07-20,27.209999084472656,548500
6395,2020-07-21,27.610000610351562,645000
6396,2020-07-22,27.739999771118164,590200
6397,2020-07-23,27.790000915527344,705200
6398,2020-07-24,27.200000762939453,446900
6399,2020-07-27,27.309999465942383,491500
6400,2020-07-28,26.780000686645508,462200
6401,2020-07-29,27.780000686645508,531500
6402,2020-07-30,27.3799991607666,484400
6403,2020-07-31,26.790000915527344,1009600
6404,2020-08-03,27.18000030517578,795300
6405,2020-08-04,27.459999084472656,534900
6406,2020-08-05,28.43000030517578,1084100
6407,2020-08-06,30.940000534057617,1444800
6408,2020-08-07,30.5,1107700
6409,2020-08-10,30.489999771118164,963300
6410,2020-08-11,30.739999771118164,1015200
6411,2020-08-12,31.209999084472656,1008700
6412,2020-08-13,30.799999237060547,752500
6413,2020-08-14,30.690000534057617,516200
6414,2020-08-17,30.959999084472656,785300
6415,2020-08-18,30.84000015258789,743000
6416,2020-08-19,30.59000015258789,331900
6417,2020-08-20,29.920000076293945,420200
6418,2020-08-21,29.709999084472656,602100
6419,2020-08-24,30.0,322800
6420,2020-08-25,30.239999771118164,492800
6421,2020-08-26,29.979999542236328,312900
6422,2020-08-27,29.719999313354492,413900
6423,2020-08-28,29.829999923706055,509600
6424,2020-08-31,29.3799991607666,635500
6425,2020-09-01,29.989999771118164,549000
6426,2020-09-02,30.25,384700
6427,2020-09-03,29.030000686645508,435600
6428,2020-09-04,29.110000610351562,731500
6429,2020-09-08,28.030000686645508,585400
6430,2020-09-09,24.90999984741211,3615000
6431,2020-09-10,24.190000534057617,2601100
6432,2020-09-11,24.65999984741211,2840900
6433,2020-09-14,26.190000534057617,1282400
6434,2020-09-15,26.790000915527344,1000200
6435,2020-09-16,26.540000915527344,944100
6436,2020-09-17,26.610000610351562,1073400
6437,2020-09-18,25.469999313354492,2081000
6438,2020-09-21,25.079999923706055,1248000
6439,2020-09-22,25.110000610351562,910800
6440,2020-09-23,24.729999542236328,856100
6441,2020-09-24,24.93000030517578,1884400
6442,2020-09-25,25.239999771118164,893600
6443,2020-09-28,25.700000762939453,638200
6444,2020-09-29,25.65999984741211,588100
6445,2020-09-30,26.1299991607666,903600
6446,2020-10-01,26.850000381469727,949500
6447,2020-10-02,27.260000228881836,861400
6448,2020-10-05,27.950000762939453,1579700
6449,2020-10-06,27.6200008392334,1584900
6450,2020-10-07,29.219999313354492,1436200
6451,2020-10-08,30.010000228881836,1264800
6452,2020-10-09,30.079999923706055,1401300
6453,2020-10-12,30.729999542236328,1231600
6454,2020-10-13,30.700000762939453,1386800
6455,2020-10-14,30.81999969482422,1641200
6456,2020-10-15,30.989999771118164,1688900
6457,2020-10-16,31.530000686645508,1828300
6458,2020-10-19,31.5,1904300
6459,2020-10-20,30.8799991607666,918700
6460,2020-10-21,30.979999542236328,1217500
6461,2020-10-22,31.549999237060547,1107100
6462,2020-10-23,32.13999938964844,511000
6463,2020-10-26,31.540000915527344,608700
6464,2020-10-27,30.90999984741211,617200
6465,2020-10-28,29.31999969482422,745900
6466,2020-10-29,29.40999984741211,952000
6467,2020-10-30,29.170000076293945,503500
6468,2020-11-02,29.079999923706055,719900
6469,2020-11-03,29.989999771118164,957200
6470,2020-11-04,30.790000915527344,828600
6471,2020-11-05,32.7400016784668,753400
6472,2020-11-06,33.08000183105469,1349600
6473,2020-11-09,34.119998931884766,1560200
6474,2020-11-10,33.97999954223633,1339900
6475,2020-11-11,32.56999969482422,1482100
6476,2020-11-12,31.299999237060547,898900
6477,2020-11-13,31.780000686645508,624900
6478,2020-11-16,32.45000076293945,909600
6479,2020-11-17,31.829999923706055,990500
6480,2020-11-18,31.059999465942383,598300
6481,2020-11-19,30.829999923706055,2355200
6482,2020-11-20,32.130001068115234,1376300
6483,2020-11-23,32.189998626708984,1297900
6484,2020-11-24,32.439998626708984,1027900
6485,2020-11-25,33.16999816894531,641400
6486,2020-11-27,33.13999938964844,250200
6487,2020-11-30,32.58000183105469,662200
6488,2020-12-01,33.41999816894531,661400
6489,2020-12-02,37.040000915527344,3029400
6490,2020-12-03,37.939998626708984,1716600
6491,2020-12-04,38.84000015258789,996600
6492,2020-12-07,38.38999938964844,1066800
6493,2020-12-08,39.310001373291016,1232200
6494,2020-12-09,38.66999816894531,765300
6495,2020-12-10,39.20000076293945,870600
6496,2020-12-11,39.279998779296875,504100
6497,2020-12-14,39.310001373291016,757200
6498,2020-12-15,38.970001220703125,1732400
6499,2020-12-16,38.630001068115234,488000
6500,2020-12-17,38.9900016784668,762800
6501,2020-12-18,38.540000915527344,1980500
6502,2020-12-21,38.09000015258789,569500
6503,2020-12-22,37.95000076293945,492600
6504,2020-12-23,38.0099983215332,533800
6505,2020-12-24,38.529998779296875,155100
6506,2020-12-28,38.220001220703125,499500
6507,2020-12-29,37.849998474121094,350500
6508,2020-12-30,38.4900016784668,482000
6509,2020-12-31,38.43000030517578,608600
6510,2021-01-04,37.880001068115234,647700
6511,2021-01-05,38.0,834700
6512,2021-01-06,38.630001068115234,1109400
6513,2021-01-07,39.13999938964844,651900
6514,2021-01-08,39.209999084472656,858600
6515,2021-01-11,38.61000061035156,437700
6516,2021-01-12,39.0,501800
6517,2021-01-13,38.5,466700
6518,2021-01-14,38.220001220703125,447900
6519,2021-01-15,38.45000076293945,462200
6520,2021-01-19,38.29999923706055,407100
6521,2021-01-20,38.630001068115234,523600
6522,2021-01-21,40.5,1525800
6523,2021-01-22,40.29999923706055,716700
6524,2021-01-25,39.52000045776367,498800
6525,2021-01-26,39.33000183105469,383400
6526,2021-01-27,38.0099983215332,796700
6527,2021-01-28,38.77000045776367,577500
6528,2021-01-29,38.38999938964844,692100
6529,2021-02-01,39.59000015258789,579000
6530,2021-02-02,39.869998931884766,653200
6531,2021-02-03,39.63999938964844,456500
6532,2021-02-04,40.25,635100
6533,2021-02-05,40.529998779296875,357500
6534,2021-02-08,41.0099983215332,675900
6535,2021-02-09,41.459999084472656,328700
6536,2021-02-10,41.18000030517578,330200
6537,2021-02-11,41.209999084472656,609600
6538,2021-02-12,41.31999969482422,515900
6539,2021-02-16,41.349998474121094,446200
6540,2021-02-17,43.099998474121094,738900
6541,2021-02-18,42.650001525878906,396100
6542,2021-02-19,42.43000030517578,482200
6543,2021-02-22,42.25,483300
6544,2021-02-23,41.459999084472656,584700
6545,2021-02-24,41.43000030517578,578800
6546,2021-02-25,37.619998931884766,1316900
6547,2021-02-26,38.2599983215332,1247000
6548,2021-03-01,39.36000061035156,646800
6549,2021-03-02,38.5,1618400
6550,2021-03-03,37.65999984741211,501000
6551,2021-03-04,36.86000061035156,645100
6552,2021-03-05,38.290000915527344,617500
6553,2021-03-08,38.7599983215332,590800
6554,2021-03-09,39.560001373291016,660700
6555,2021-03-10,39.68000030517578,498100
6556,2021-03-11,40.68000030517578,496100
6557,2021-03-12,40.689998626708984,435900
6558,2021-03-15,40.47999954223633,518600
6559,2021-03-16,39.959999084472656,322300
6560,2021-03-17,39.599998474121094,651800
6561,2021-03-18,39.22999954223633,506800
6562,2021-03-19,39.34000015258789,1543400
6563,2021-03-22,38.790000915527344,419500
6564,2021-03-23,37.20000076293945,519800
6565,2021-03-24,37.029998779296875,492800
6566,2021-03-25,37.459999084472656,623000
6567,2021-03-26,38.209999084472656,723100
6568,2021-03-29,37.45000076293945,521600
6569,2021-03-30,37.9900016784668,669400
6570,2021-03-31,38.04999923706055,853400
6571,2021-04-01,38.810001373291016,499400
6572,2021-04-05,39.290000915527344,606900
6573,2021-04-06,39.380001068115234,439300
6574,2021-04-07,38.77000045776367,458000
6575,2021-04-08,39.90999984741211,470900
6576,2021-04-09,40.20000076293945,512400
6577,2021-04-12,40.38999938964844,679200
6578,2021-04-13,40.5,532800
6579,2021-04-14,40.349998474121094,637600
6580,2021-04-15,40.599998474121094,404100
6581,2021-04-16,40.68000030517578,495800
6582,2021-04-19,40.36000061035156,518200
6583,2021-04-20,39.849998474121094,305700
6584,2021-04-21,40.38999938964844,367900
6585,2021-04-22,40.209999084472656,585000
6586,2021-04-23,40.369998931884766,488400
6587,2021-04-26,40.630001068115234,515600
6588,2021-04-27,40.41999816894531,373600
6589,2021-04-28,40.150001525878906,623200
6590,2021-04-29,39.45000076293945,495900
6591,2021-04-30,37.779998779296875,668000
6592,2021-05-03,38.06999969482422,587800
6593,2021-05-04,37.7599983215332,561100
6594,2021-05-05,37.15999984741211,794900
6595,2021-05-06,37.560001373291016,666400
6596,2021-05-07,38.33000183105469,508700
6597,2021-05-10,38.790000915527344,944700
6598,2021-05-11,39.279998779296875,814900
6599,2021-05-12,38.59000015258789,967500
6600,2021-05-13,39.5,917500
6601,2021-05-14,39.84000015258789,767000
6602,2021-05-17,39.86000061035156,550300
6603,2021-05-18,39.18000030517578,545800
6604,2021-05-19,38.90999984741211,1058500
6605,2021-05-20,39.66999816894531,487400
6606,2021-05-21,39.599998474121094,480300
6607,2021-05-24,39.93000030517578,471900
6608,2021-05-25,39.56999969482422,425300
6609,2021-05-26,39.31999969482422,549900
6610,2021-05-27,38.91999816894531,806000
6611,2021-05-28,38.2599983215332,471200
6612,2021-06-01,39.0,574500
6613,2021-06-02,38.81999969482422,712100
6614,2021-06-03,38.779998779296875,310600
6615,2021-06-04,39.130001068115234,421500
6616,2021-06-07,38.709999084472656,402000
6617,2021-06-08,39.13999938964844,434000
6618,2021-06-09,38.81999969482422,326500
